2024-07-03 14:39:21,999 : DEBUG : selenium.webdriver.common.selenium_manager : get_binary : 63 : Selenium Manager binary found at: C:\Users\kiran patil\PycharmProjects\saucedemo1\venv\Lib\site-packages\selenium\webdriver\common\windows\selenium-manager.exe
2024-07-03 14:39:22,015 : DEBUG : selenium.webdriver.common.selenium_manager : run : 120 : Executing process: C:\Users\kiran patil\PycharmProjects\saucedemo1\venv\Lib\site-packages\selenium\webdriver\common\windows\selenium-manager.exe --browser chrome --debug --output json
2024-07-03 14:39:28,946 : DEBUG : selenium.webdriver.common.selenium_manager : run : 137 : Found chromedriver 126.0.6478.126 in PATH: C:\Python\Python311\Scripts\chromedriver.exe
2024-07-03 14:39:28,946 : DEBUG : selenium.webdriver.common.selenium_manager : run : 137 : chrome detected at C:\Program Files\Google\Chrome\Application\chrome.exe
2024-07-03 14:39:28,946 : DEBUG : selenium.webdriver.common.selenium_manager : run : 137 : Running command: wmic datafile where name='C:\\Program Files\\Google\\Chrome\\Application\\chrome.exe' get Version /value
2024-07-03 14:39:28,946 : DEBUG : selenium.webdriver.common.selenium_manager : run : 137 : Output: "\r\r\n\r\r\nVersion=126.0.6478.127\r\r\n\r\r\n\r\r\n\r"
2024-07-03 14:39:28,946 : DEBUG : selenium.webdriver.common.selenium_manager : run : 137 : Detected browser: chrome 126.0.6478.127
2024-07-03 14:39:28,946 : DEBUG : selenium.webdriver.common.selenium_manager : run : 137 : Required driver: chromedriver 126.0.6478.126
2024-07-03 14:39:28,946 : DEBUG : selenium.webdriver.common.selenium_manager : run : 137 : Driver path: C:\Python\Python311\Scripts\chromedriver.exe
2024-07-03 14:39:28,946 : DEBUG : selenium.webdriver.common.selenium_manager : run : 137 : Browser path: C:\Program Files\Google\Chrome\Application\chrome.exe
2024-07-03 14:39:28,946 : DEBUG : selenium.webdriver.common.selenium_manager : driver_location : 98 : Using driver at: C:\Python\Python311\Scripts\chromedriver.exe
2024-07-03 14:39:28,961 : DEBUG : selenium.webdriver.common.service : _start_process : 215 : Started executable: `C:\Python\Python311\Scripts\chromedriver.exe` in a child process with pid: 8416
2024-07-03 14:39:30,414 : DEBUG : selenium.webdriver.remote.remote_connection : _request : 313 : POST http://localhost:51481/session {"capabilities": {"firstMatch": [{}], "alwaysMatch": {"browserName": "chrome", "pageLoadStrategy": "normal", "browserVersion": null, "goog:chromeOptions": {"extensions": [], "binary": "C:\\Program Files\\Google\\Chrome\\Application\\chrome.exe", "args": []}}}}
2024-07-03 14:39:30,414 : DEBUG : urllib3.connectionpool : _new_conn : 245 : Starting new HTTP connection (1): localhost:51481
2024-07-03 14:39:36,815 : DEBUG : urllib3.connectionpool : _make_request : 547 : http://localhost:51481 "POST /session HTTP/1.1" 200 0
2024-07-03 14:39:36,815 : DEBUG : selenium.webdriver.remote.remote_connection : _request : 329 : Remote response: status=200 | data={"value":{"capabilities":{"acceptInsecureCerts":false,"browserName":"chrome","browserVersion":"126.0.6478.127","chrome":{"chromedriverVersion":"126.0.6478.126 (d36ace6122e0a59570e258d82441395206d60e1c-refs/branch-heads/6478@{#1591})","userDataDir":"C:\\Users\\KIRANP~1\\AppData\\Local\\Temp\\scoped_dir8416_1127765747"},"fedcm:accounts":true,"goog:chromeOptions":{"debuggerAddress":"localhost:51490"},"networkConnectionEnabled":false,"pageLoadStrategy":"normal","platformName":"windows","proxy":{},"setWindowRect":true,"strictFileInteractability":false,"timeouts":{"implicit":0,"pageLoad":300000,"script":30000},"unhandledPromptBehavior":"dismiss and notify","webauthn:extension:credBlob":true,"webauthn:extension:largeBlob":true,"webauthn:extension:minPinLength":true,"webauthn:extension:prf":true,"webauthn:virtualAuthenticators":true},"sessionId":"a66eb5d83314653cf2eb4b11bdbeaf55"}} | headers=HTTPHeaderDict({'Content-Length': '886', 'Content-Type': 'application/json; charset=utf-8', 'cache-control': 'no-cache'})
2024-07-03 14:39:36,817 : DEBUG : selenium.webdriver.remote.remote_connection : _request : 356 : Finished Request
2024-07-03 14:39:36,843 : INFO : root : test_BackToProductPage : 17 : ******* Starting test_BackToProductPage **********
2024-07-03 14:39:36,844 : DEBUG : selenium.webdriver.remote.remote_connection : _request : 313 : POST http://localhost:51481/session/a66eb5d83314653cf2eb4b11bdbeaf55/timeouts {"implicit": 10000}
2024-07-03 14:39:36,868 : DEBUG : urllib3.connectionpool : _make_request : 547 : http://localhost:51481 "POST /session/a66eb5d83314653cf2eb4b11bdbeaf55/timeouts HTTP/1.1" 200 0
2024-07-03 14:39:36,868 : DEBUG : selenium.webdriver.remote.remote_connection : _request : 329 : Remote response: status=200 | data={"value":null} | headers=HTTPHeaderDict({'Content-Length': '14', 'Content-Type': 'application/json; charset=utf-8', 'cache-control': 'no-cache'})
2024-07-03 14:39:36,869 : DEBUG : selenium.webdriver.remote.remote_connection : _request : 356 : Finished Request
2024-07-03 14:39:36,869 : DEBUG : selenium.webdriver.remote.remote_connection : _request : 313 : POST http://localhost:51481/session/a66eb5d83314653cf2eb4b11bdbeaf55/url {"url": "https://www.saucedemo.com/"}
2024-07-03 14:39:42,190 : DEBUG : urllib3.connectionpool : _make_request : 547 : http://localhost:51481 "POST /session/a66eb5d83314653cf2eb4b11bdbeaf55/url HTTP/1.1" 200 0
2024-07-03 14:39:42,190 : DEBUG : selenium.webdriver.remote.remote_connection : _request : 329 : Remote response: status=200 | data={"value":null} | headers=HTTPHeaderDict({'Content-Length': '14', 'Content-Type': 'application/json; charset=utf-8', 'cache-control': 'no-cache'})
2024-07-03 14:39:42,190 : DEBUG : selenium.webdriver.remote.remote_connection : _request : 356 : Finished Request
2024-07-03 14:39:42,190 : INFO : root : test_BackToProductPage : 22 : **** browser is initialising ****
2024-07-03 14:39:42,190 : DEBUG : selenium.webdriver.remote.remote_connection : _request : 313 : POST http://localhost:51481/session/a66eb5d83314653cf2eb4b11bdbeaf55/window/maximize {}
2024-07-03 14:39:44,111 : DEBUG : urllib3.connectionpool : _make_request : 547 : http://localhost:51481 "POST /session/a66eb5d83314653cf2eb4b11bdbeaf55/window/maximize HTTP/1.1" 200 0
2024-07-03 14:39:44,111 : DEBUG : selenium.webdriver.remote.remote_connection : _request : 329 : Remote response: status=200 | data={"value":{"height":744,"width":1382,"x":-8,"y":-8}} | headers=HTTPHeaderDict({'Content-Length': '51', 'Content-Type': 'application/json; charset=utf-8', 'cache-control': 'no-cache'})
2024-07-03 14:39:44,111 : DEBUG : selenium.webdriver.remote.remote_connection : _request : 356 : Finished Request
2024-07-03 14:39:44,111 : DEBUG : selenium.webdriver.remote.remote_connection : _request : 313 : POST http://localhost:51481/session/a66eb5d83314653cf2eb4b11bdbeaf55/element {"using": "xpath", "value": "//input[@id='user-name']"}
2024-07-03 14:39:44,155 : DEBUG : urllib3.connectionpool : _make_request : 547 : http://localhost:51481 "POST /session/a66eb5d83314653cf2eb4b11bdbeaf55/element HTTP/1.1" 200 0
2024-07-03 14:39:44,155 : DEBUG : selenium.webdriver.remote.remote_connection : _request : 329 : Remote response: status=200 | data={"value":{"element-6066-11e4-a52e-4f735466cecf":"f.99AB056CEAB546B3BC07A7F5B1867D99.d.C764EF281983EC8E4F8E41FAFE29CDC2.e.3"}} | headers=HTTPHeaderDict({'Content-Length': '125', 'Content-Type': 'application/json; charset=utf-8', 'cache-control': 'no-cache'})
2024-07-03 14:39:44,155 : DEBUG : selenium.webdriver.remote.remote_connection : _request : 356 : Finished Request
2024-07-03 14:39:44,155 : DEBUG : selenium.webdriver.remote.remote_connection : _request : 313 : POST http://localhost:51481/session/a66eb5d83314653cf2eb4b11bdbeaf55/element/f.99AB056CEAB546B3BC07A7F5B1867D99.d.C764EF281983EC8E4F8E41FAFE29CDC2.e.3/value {"text": "standard_user", "value": ["s", "t", "a", "n", "d", "a", "r", "d", "_", "u", "s", "e", "r"]}
2024-07-03 14:39:44,397 : DEBUG : urllib3.connectionpool : _make_request : 547 : http://localhost:51481 "POST /session/a66eb5d83314653cf2eb4b11bdbeaf55/element/f.99AB056CEAB546B3BC07A7F5B1867D99.d.C764EF281983EC8E4F8E41FAFE29CDC2.e.3/value HTTP/1.1" 200 0
2024-07-03 14:39:44,397 : DEBUG : selenium.webdriver.remote.remote_connection : _request : 329 : Remote response: status=200 | data={"value":null} | headers=HTTPHeaderDict({'Content-Length': '14', 'Content-Type': 'application/json; charset=utf-8', 'cache-control': 'no-cache'})
2024-07-03 14:39:44,397 : DEBUG : selenium.webdriver.remote.remote_connection : _request : 356 : Finished Request
2024-07-03 14:39:44,397 : DEBUG : selenium.webdriver.remote.remote_connection : _request : 313 : POST http://localhost:51481/session/a66eb5d83314653cf2eb4b11bdbeaf55/element {"using": "xpath", "value": "//input[@id='password']"}
2024-07-03 14:39:44,419 : DEBUG : urllib3.connectionpool : _make_request : 547 : http://localhost:51481 "POST /session/a66eb5d83314653cf2eb4b11bdbeaf55/element HTTP/1.1" 200 0
2024-07-03 14:39:44,419 : DEBUG : selenium.webdriver.remote.remote_connection : _request : 329 : Remote response: status=200 | data={"value":{"element-6066-11e4-a52e-4f735466cecf":"f.99AB056CEAB546B3BC07A7F5B1867D99.d.C764EF281983EC8E4F8E41FAFE29CDC2.e.4"}} | headers=HTTPHeaderDict({'Content-Length': '125', 'Content-Type': 'application/json; charset=utf-8', 'cache-control': 'no-cache'})
2024-07-03 14:39:44,419 : DEBUG : selenium.webdriver.remote.remote_connection : _request : 356 : Finished Request
2024-07-03 14:39:44,419 : DEBUG : selenium.webdriver.remote.remote_connection : _request : 313 : POST http://localhost:51481/session/a66eb5d83314653cf2eb4b11bdbeaf55/element/f.99AB056CEAB546B3BC07A7F5B1867D99.d.C764EF281983EC8E4F8E41FAFE29CDC2.e.4/value {"text": "secret_sauce", "value": ["s", "e", "c", "r", "e", "t", "_", "s", "a", "u", "c", "e"]}
2024-07-03 14:39:44,534 : DEBUG : urllib3.connectionpool : _make_request : 547 : http://localhost:51481 "POST /session/a66eb5d83314653cf2eb4b11bdbeaf55/element/f.99AB056CEAB546B3BC07A7F5B1867D99.d.C764EF281983EC8E4F8E41FAFE29CDC2.e.4/value HTTP/1.1" 200 0
2024-07-03 14:39:44,534 : DEBUG : selenium.webdriver.remote.remote_connection : _request : 329 : Remote response: status=200 | data={"value":null} | headers=HTTPHeaderDict({'Content-Length': '14', 'Content-Type': 'application/json; charset=utf-8', 'cache-control': 'no-cache'})
2024-07-03 14:39:44,534 : DEBUG : selenium.webdriver.remote.remote_connection : _request : 356 : Finished Request
2024-07-03 14:39:44,534 : DEBUG : selenium.webdriver.remote.remote_connection : _request : 313 : POST http://localhost:51481/session/a66eb5d83314653cf2eb4b11bdbeaf55/element {"using": "xpath", "value": "//input[@id='login-button']"}
2024-07-03 14:39:44,552 : DEBUG : urllib3.connectionpool : _make_request : 547 : http://localhost:51481 "POST /session/a66eb5d83314653cf2eb4b11bdbeaf55/element HTTP/1.1" 200 0
2024-07-03 14:39:44,552 : DEBUG : selenium.webdriver.remote.remote_connection : _request : 329 : Remote response: status=200 | data={"value":{"element-6066-11e4-a52e-4f735466cecf":"f.99AB056CEAB546B3BC07A7F5B1867D99.d.C764EF281983EC8E4F8E41FAFE29CDC2.e.5"}} | headers=HTTPHeaderDict({'Content-Length': '125', 'Content-Type': 'application/json; charset=utf-8', 'cache-control': 'no-cache'})
2024-07-03 14:39:44,552 : DEBUG : selenium.webdriver.remote.remote_connection : _request : 356 : Finished Request
2024-07-03 14:39:44,552 : DEBUG : selenium.webdriver.remote.remote_connection : _request : 313 : POST http://localhost:51481/session/a66eb5d83314653cf2eb4b11bdbeaf55/element/f.99AB056CEAB546B3BC07A7F5B1867D99.d.C764EF281983EC8E4F8E41FAFE29CDC2.e.5/click {}
2024-07-03 14:39:44,703 : DEBUG : urllib3.connectionpool : _make_request : 547 : http://localhost:51481 "POST /session/a66eb5d83314653cf2eb4b11bdbeaf55/element/f.99AB056CEAB546B3BC07A7F5B1867D99.d.C764EF281983EC8E4F8E41FAFE29CDC2.e.5/click HTTP/1.1" 200 0
2024-07-03 14:39:44,703 : DEBUG : selenium.webdriver.remote.remote_connection : _request : 329 : Remote response: status=200 | data={"value":null} | headers=HTTPHeaderDict({'Content-Length': '14', 'Content-Type': 'application/json; charset=utf-8', 'cache-control': 'no-cache'})
2024-07-03 14:39:44,703 : DEBUG : selenium.webdriver.remote.remote_connection : _request : 356 : Finished Request
2024-07-03 14:39:44,703 : INFO : root : test_BackToProductPage : 28 : **** navigating to productPage ****
2024-07-03 14:39:44,703 : DEBUG : selenium.webdriver.remote.remote_connection : _request : 313 : POST http://localhost:51481/session/a66eb5d83314653cf2eb4b11bdbeaf55/element {"using": "xpath", "value": "//div[normalize-space()='Sauce Labs Bolt T-Shirt']"}
2024-07-03 14:39:44,735 : DEBUG : urllib3.connectionpool : _make_request : 547 : http://localhost:51481 "POST /session/a66eb5d83314653cf2eb4b11bdbeaf55/element HTTP/1.1" 200 0
2024-07-03 14:39:44,735 : DEBUG : selenium.webdriver.remote.remote_connection : _request : 329 : Remote response: status=200 | data={"value":{"element-6066-11e4-a52e-4f735466cecf":"f.99AB056CEAB546B3BC07A7F5B1867D99.d.C764EF281983EC8E4F8E41FAFE29CDC2.e.15"}} | headers=HTTPHeaderDict({'Content-Length': '126', 'Content-Type': 'application/json; charset=utf-8', 'cache-control': 'no-cache'})
2024-07-03 14:39:44,735 : DEBUG : selenium.webdriver.remote.remote_connection : _request : 356 : Finished Request
2024-07-03 14:39:44,743 : DEBUG : selenium.webdriver.remote.remote_connection : _request : 313 : POST http://localhost:51481/session/a66eb5d83314653cf2eb4b11bdbeaf55/element/f.99AB056CEAB546B3BC07A7F5B1867D99.d.C764EF281983EC8E4F8E41FAFE29CDC2.e.15/click {}
2024-07-03 14:39:44,842 : DEBUG : urllib3.connectionpool : _make_request : 547 : http://localhost:51481 "POST /session/a66eb5d83314653cf2eb4b11bdbeaf55/element/f.99AB056CEAB546B3BC07A7F5B1867D99.d.C764EF281983EC8E4F8E41FAFE29CDC2.e.15/click HTTP/1.1" 200 0
2024-07-03 14:39:44,842 : DEBUG : selenium.webdriver.remote.remote_connection : _request : 329 : Remote response: status=200 | data={"value":null} | headers=HTTPHeaderDict({'Content-Length': '14', 'Content-Type': 'application/json; charset=utf-8', 'cache-control': 'no-cache'})
2024-07-03 14:39:44,842 : DEBUG : selenium.webdriver.remote.remote_connection : _request : 356 : Finished Request
2024-07-03 14:39:45,844 : DEBUG : selenium.webdriver.remote.remote_connection : _request : 313 : POST http://localhost:51481/session/a66eb5d83314653cf2eb4b11bdbeaf55/element {"using": "css selector", "value": "[id=\"//button[@id='add-to-cart-sauce-labs-bolt-t-shirt']\"]"}
2024-07-03 14:39:55,903 : DEBUG : urllib3.connectionpool : _make_request : 547 : http://localhost:51481 "POST /session/a66eb5d83314653cf2eb4b11bdbeaf55/element HTTP/1.1" 404 0
2024-07-03 14:39:55,903 : DEBUG : selenium.webdriver.remote.remote_connection : _request : 329 : Remote response: status=404 | data={"value":{"error":"no such element","message":"no such element: Unable to locate element: {\"method\":\"css selector\",\"selector\":\"[id=\"//button[@id='add-to-cart-sauce-labs-bolt-t-shirt']\"]\"}\n  (Session info: chrome=126.0.6478.127)","stacktrace":"\tGetHandleVerifier [0x00007FF7F38AEEA2+31554]\n\t(No symbol) [0x00007FF7F3827ED9]\n\t(No symbol) [0x00007FF7F36E872A]\n\t(No symbol) [0x00007FF7F3738434]\n\t(No symbol) [0x00007FF7F373853C]\n\t(No symbol) [0x00007FF7F377F6A7]\n\t(No symbol) [0x00007FF7F375D06F]\n\t(No symbol) [0x00007FF7F377C977]\n\t(No symbol) [0x00007FF7F375CDD3]\n\t(No symbol) [0x00007FF7F372A33B]\n\t(No symbol) [0x00007FF7F372AED1]\n\tGetHandleVerifier [0x00007FF7F3BB8B1D+3217341]\n\tGetHandleVerifier [0x00007FF7F3C05AE3+3532675]\n\tGetHandleVerifier [0x00007FF7F3BFB0E0+3489152]\n\tGetHandleVerifier [0x00007FF7F395E776+750614]\n\t(No symbol) [0x00007FF7F383375F]\n\t(No symbol) [0x00007FF7F382EB14]\n\t(No symbol) [0x00007FF7F382ECA2]\n\t(No symbol) [0x00007FF7F381E16F]\n\tBaseThreadInitThunk [0x00007FFCCF2F7614+20]\n\tRtlUserThreadStart [0x00007FFCD00A26B1+33]\n"}} | headers=HTTPHeaderDict({'Content-Length': '1101', 'Content-Type': 'application/json; charset=utf-8', 'cache-control': 'no-cache'})
2024-07-03 14:39:55,903 : DEBUG : selenium.webdriver.remote.remote_connection : _request : 356 : Finished Request
2024-07-03 14:41:27,335 : DEBUG : selenium.webdriver.common.selenium_manager : get_binary : 63 : Selenium Manager binary found at: C:\Users\kiran patil\PycharmProjects\saucedemo1\venv\Lib\site-packages\selenium\webdriver\common\windows\selenium-manager.exe
2024-07-03 14:41:27,335 : DEBUG : selenium.webdriver.common.selenium_manager : run : 120 : Executing process: C:\Users\kiran patil\PycharmProjects\saucedemo1\venv\Lib\site-packages\selenium\webdriver\common\windows\selenium-manager.exe --browser chrome --debug --output json
2024-07-03 14:41:28,881 : DEBUG : selenium.webdriver.common.selenium_manager : run : 137 : Found chromedriver 126.0.6478.126 in PATH: C:\Python\Python311\Scripts\chromedriver.exe
2024-07-03 14:41:28,881 : DEBUG : selenium.webdriver.common.selenium_manager : run : 137 : chrome detected at C:\Program Files\Google\Chrome\Application\chrome.exe
2024-07-03 14:41:28,881 : DEBUG : selenium.webdriver.common.selenium_manager : run : 137 : Running command: wmic datafile where name='C:\\Program Files\\Google\\Chrome\\Application\\chrome.exe' get Version /value
2024-07-03 14:41:28,881 : DEBUG : selenium.webdriver.common.selenium_manager : run : 137 : Output: "\r\r\n\r\r\nVersion=126.0.6478.127\r\r\n\r\r\n\r\r\n\r"
2024-07-03 14:41:28,881 : DEBUG : selenium.webdriver.common.selenium_manager : run : 137 : Detected browser: chrome 126.0.6478.127
2024-07-03 14:41:28,881 : DEBUG : selenium.webdriver.common.selenium_manager : run : 137 : Required driver: chromedriver 126.0.6478.126
2024-07-03 14:41:28,881 : DEBUG : selenium.webdriver.common.selenium_manager : run : 137 : Driver path: C:\Python\Python311\Scripts\chromedriver.exe
2024-07-03 14:41:28,881 : DEBUG : selenium.webdriver.common.selenium_manager : run : 137 : Browser path: C:\Program Files\Google\Chrome\Application\chrome.exe
2024-07-03 14:41:28,881 : DEBUG : selenium.webdriver.common.selenium_manager : driver_location : 98 : Using driver at: C:\Python\Python311\Scripts\chromedriver.exe
2024-07-03 14:41:28,897 : DEBUG : selenium.webdriver.common.service : _start_process : 215 : Started executable: `C:\Python\Python311\Scripts\chromedriver.exe` in a child process with pid: 900
2024-07-03 14:41:29,428 : DEBUG : selenium.webdriver.remote.remote_connection : _request : 313 : POST http://localhost:51581/session {"capabilities": {"firstMatch": [{}], "alwaysMatch": {"browserName": "chrome", "pageLoadStrategy": "normal", "browserVersion": null, "goog:chromeOptions": {"extensions": [], "binary": "C:\\Program Files\\Google\\Chrome\\Application\\chrome.exe", "args": []}}}}
2024-07-03 14:41:29,428 : DEBUG : urllib3.connectionpool : _new_conn : 245 : Starting new HTTP connection (1): localhost:51581
2024-07-03 14:41:30,599 : DEBUG : urllib3.connectionpool : _make_request : 547 : http://localhost:51581 "POST /session HTTP/1.1" 200 0
2024-07-03 14:41:30,599 : DEBUG : selenium.webdriver.remote.remote_connection : _request : 329 : Remote response: status=200 | data={"value":{"capabilities":{"acceptInsecureCerts":false,"browserName":"chrome","browserVersion":"126.0.6478.127","chrome":{"chromedriverVersion":"126.0.6478.126 (d36ace6122e0a59570e258d82441395206d60e1c-refs/branch-heads/6478@{#1591})","userDataDir":"C:\\Users\\KIRANP~1\\AppData\\Local\\Temp\\scoped_dir900_138780093"},"fedcm:accounts":true,"goog:chromeOptions":{"debuggerAddress":"localhost:51585"},"networkConnectionEnabled":false,"pageLoadStrategy":"normal","platformName":"windows","proxy":{},"setWindowRect":true,"strictFileInteractability":false,"timeouts":{"implicit":0,"pageLoad":300000,"script":30000},"unhandledPromptBehavior":"dismiss and notify","webauthn:extension:credBlob":true,"webauthn:extension:largeBlob":true,"webauthn:extension:minPinLength":true,"webauthn:extension:prf":true,"webauthn:virtualAuthenticators":true},"sessionId":"023208ee1a586557c11ce3f86ae6f726"}} | headers=HTTPHeaderDict({'Content-Length': '884', 'Content-Type': 'application/json; charset=utf-8', 'cache-control': 'no-cache'})
2024-07-03 14:41:30,599 : DEBUG : selenium.webdriver.remote.remote_connection : _request : 356 : Finished Request
2024-07-03 14:41:30,599 : INFO : root : test_BackToProductPage : 17 : ******* Starting test_BackToProductPage **********
2024-07-03 14:41:30,599 : DEBUG : selenium.webdriver.remote.remote_connection : _request : 313 : POST http://localhost:51581/session/023208ee1a586557c11ce3f86ae6f726/timeouts {"implicit": 10000}
2024-07-03 14:41:30,599 : DEBUG : urllib3.connectionpool : _make_request : 547 : http://localhost:51581 "POST /session/023208ee1a586557c11ce3f86ae6f726/timeouts HTTP/1.1" 200 0
2024-07-03 14:41:30,599 : DEBUG : selenium.webdriver.remote.remote_connection : _request : 329 : Remote response: status=200 | data={"value":null} | headers=HTTPHeaderDict({'Content-Length': '14', 'Content-Type': 'application/json; charset=utf-8', 'cache-control': 'no-cache'})
2024-07-03 14:41:30,599 : DEBUG : selenium.webdriver.remote.remote_connection : _request : 356 : Finished Request
2024-07-03 14:41:30,599 : DEBUG : selenium.webdriver.remote.remote_connection : _request : 313 : POST http://localhost:51581/session/023208ee1a586557c11ce3f86ae6f726/url {"url": "https://www.saucedemo.com/"}
2024-07-03 14:41:37,416 : DEBUG : urllib3.connectionpool : _make_request : 547 : http://localhost:51581 "POST /session/023208ee1a586557c11ce3f86ae6f726/url HTTP/1.1" 200 0
2024-07-03 14:41:37,416 : DEBUG : selenium.webdriver.remote.remote_connection : _request : 329 : Remote response: status=200 | data={"value":null} | headers=HTTPHeaderDict({'Content-Length': '14', 'Content-Type': 'application/json; charset=utf-8', 'cache-control': 'no-cache'})
2024-07-03 14:41:37,416 : DEBUG : selenium.webdriver.remote.remote_connection : _request : 356 : Finished Request
2024-07-03 14:41:37,416 : INFO : root : test_BackToProductPage : 22 : **** browser is initialising ****
2024-07-03 14:41:37,416 : DEBUG : selenium.webdriver.remote.remote_connection : _request : 313 : POST http://localhost:51581/session/023208ee1a586557c11ce3f86ae6f726/window/maximize {}
2024-07-03 14:41:37,461 : DEBUG : urllib3.connectionpool : _make_request : 547 : http://localhost:51581 "POST /session/023208ee1a586557c11ce3f86ae6f726/window/maximize HTTP/1.1" 200 0
2024-07-03 14:41:37,461 : DEBUG : selenium.webdriver.remote.remote_connection : _request : 329 : Remote response: status=200 | data={"value":{"height":744,"width":1382,"x":-8,"y":-8}} | headers=HTTPHeaderDict({'Content-Length': '51', 'Content-Type': 'application/json; charset=utf-8', 'cache-control': 'no-cache'})
2024-07-03 14:41:37,461 : DEBUG : selenium.webdriver.remote.remote_connection : _request : 356 : Finished Request
2024-07-03 14:41:37,461 : DEBUG : selenium.webdriver.remote.remote_connection : _request : 313 : POST http://localhost:51581/session/023208ee1a586557c11ce3f86ae6f726/element {"using": "xpath", "value": "//input[@id='user-name']"}
2024-07-03 14:41:37,505 : DEBUG : urllib3.connectionpool : _make_request : 547 : http://localhost:51581 "POST /session/023208ee1a586557c11ce3f86ae6f726/element HTTP/1.1" 200 0
2024-07-03 14:41:37,505 : DEBUG : selenium.webdriver.remote.remote_connection : _request : 329 : Remote response: status=200 | data={"value":{"element-6066-11e4-a52e-4f735466cecf":"f.01FD8BB8B092486888A335BC8FD4C767.d.F684D064A4155BEC79400810C8C11D45.e.3"}} | headers=HTTPHeaderDict({'Content-Length': '125', 'Content-Type': 'application/json; charset=utf-8', 'cache-control': 'no-cache'})
2024-07-03 14:41:37,505 : DEBUG : selenium.webdriver.remote.remote_connection : _request : 356 : Finished Request
2024-07-03 14:41:37,505 : DEBUG : selenium.webdriver.remote.remote_connection : _request : 313 : POST http://localhost:51581/session/023208ee1a586557c11ce3f86ae6f726/element/f.01FD8BB8B092486888A335BC8FD4C767.d.F684D064A4155BEC79400810C8C11D45.e.3/value {"text": "standard_user", "value": ["s", "t", "a", "n", "d", "a", "r", "d", "_", "u", "s", "e", "r"]}
2024-07-03 14:41:37,678 : DEBUG : urllib3.connectionpool : _make_request : 547 : http://localhost:51581 "POST /session/023208ee1a586557c11ce3f86ae6f726/element/f.01FD8BB8B092486888A335BC8FD4C767.d.F684D064A4155BEC79400810C8C11D45.e.3/value HTTP/1.1" 200 0
2024-07-03 14:41:37,678 : DEBUG : selenium.webdriver.remote.remote_connection : _request : 329 : Remote response: status=200 | data={"value":null} | headers=HTTPHeaderDict({'Content-Length': '14', 'Content-Type': 'application/json; charset=utf-8', 'cache-control': 'no-cache'})
2024-07-03 14:41:37,678 : DEBUG : selenium.webdriver.remote.remote_connection : _request : 356 : Finished Request
2024-07-03 14:41:37,678 : DEBUG : selenium.webdriver.remote.remote_connection : _request : 313 : POST http://localhost:51581/session/023208ee1a586557c11ce3f86ae6f726/element {"using": "xpath", "value": "//input[@id='password']"}
2024-07-03 14:41:37,697 : DEBUG : urllib3.connectionpool : _make_request : 547 : http://localhost:51581 "POST /session/023208ee1a586557c11ce3f86ae6f726/element HTTP/1.1" 200 0
2024-07-03 14:41:37,705 : DEBUG : selenium.webdriver.remote.remote_connection : _request : 329 : Remote response: status=200 | data={"value":{"element-6066-11e4-a52e-4f735466cecf":"f.01FD8BB8B092486888A335BC8FD4C767.d.F684D064A4155BEC79400810C8C11D45.e.4"}} | headers=HTTPHeaderDict({'Content-Length': '125', 'Content-Type': 'application/json; charset=utf-8', 'cache-control': 'no-cache'})
2024-07-03 14:41:37,705 : DEBUG : selenium.webdriver.remote.remote_connection : _request : 356 : Finished Request
2024-07-03 14:41:37,705 : DEBUG : selenium.webdriver.remote.remote_connection : _request : 313 : POST http://localhost:51581/session/023208ee1a586557c11ce3f86ae6f726/element/f.01FD8BB8B092486888A335BC8FD4C767.d.F684D064A4155BEC79400810C8C11D45.e.4/value {"text": "secret_sauce", "value": ["s", "e", "c", "r", "e", "t", "_", "s", "a", "u", "c", "e"]}
2024-07-03 14:41:37,818 : DEBUG : urllib3.connectionpool : _make_request : 547 : http://localhost:51581 "POST /session/023208ee1a586557c11ce3f86ae6f726/element/f.01FD8BB8B092486888A335BC8FD4C767.d.F684D064A4155BEC79400810C8C11D45.e.4/value HTTP/1.1" 200 0
2024-07-03 14:41:37,818 : DEBUG : selenium.webdriver.remote.remote_connection : _request : 329 : Remote response: status=200 | data={"value":null} | headers=HTTPHeaderDict({'Content-Length': '14', 'Content-Type': 'application/json; charset=utf-8', 'cache-control': 'no-cache'})
2024-07-03 14:41:37,822 : DEBUG : selenium.webdriver.remote.remote_connection : _request : 356 : Finished Request
2024-07-03 14:41:37,822 : DEBUG : selenium.webdriver.remote.remote_connection : _request : 313 : POST http://localhost:51581/session/023208ee1a586557c11ce3f86ae6f726/element {"using": "xpath", "value": "//input[@id='login-button']"}
2024-07-03 14:41:37,838 : DEBUG : urllib3.connectionpool : _make_request : 547 : http://localhost:51581 "POST /session/023208ee1a586557c11ce3f86ae6f726/element HTTP/1.1" 200 0
2024-07-03 14:41:37,838 : DEBUG : selenium.webdriver.remote.remote_connection : _request : 329 : Remote response: status=200 | data={"value":{"element-6066-11e4-a52e-4f735466cecf":"f.01FD8BB8B092486888A335BC8FD4C767.d.F684D064A4155BEC79400810C8C11D45.e.5"}} | headers=HTTPHeaderDict({'Content-Length': '125', 'Content-Type': 'application/json; charset=utf-8', 'cache-control': 'no-cache'})
2024-07-03 14:41:37,838 : DEBUG : selenium.webdriver.remote.remote_connection : _request : 356 : Finished Request
2024-07-03 14:41:37,838 : DEBUG : selenium.webdriver.remote.remote_connection : _request : 313 : POST http://localhost:51581/session/023208ee1a586557c11ce3f86ae6f726/element/f.01FD8BB8B092486888A335BC8FD4C767.d.F684D064A4155BEC79400810C8C11D45.e.5/click {}
2024-07-03 14:41:37,980 : DEBUG : urllib3.connectionpool : _make_request : 547 : http://localhost:51581 "POST /session/023208ee1a586557c11ce3f86ae6f726/element/f.01FD8BB8B092486888A335BC8FD4C767.d.F684D064A4155BEC79400810C8C11D45.e.5/click HTTP/1.1" 200 0
2024-07-03 14:41:37,980 : DEBUG : selenium.webdriver.remote.remote_connection : _request : 329 : Remote response: status=200 | data={"value":null} | headers=HTTPHeaderDict({'Content-Length': '14', 'Content-Type': 'application/json; charset=utf-8', 'cache-control': 'no-cache'})
2024-07-03 14:41:37,980 : DEBUG : selenium.webdriver.remote.remote_connection : _request : 356 : Finished Request
2024-07-03 14:41:37,980 : INFO : root : test_BackToProductPage : 28 : **** navigating to productPage ****
2024-07-03 14:41:37,980 : DEBUG : selenium.webdriver.remote.remote_connection : _request : 313 : POST http://localhost:51581/session/023208ee1a586557c11ce3f86ae6f726/element {"using": "xpath", "value": "//div[normalize-space()='Sauce Labs Bike Light']"}
2024-07-03 14:41:38,010 : DEBUG : urllib3.connectionpool : _make_request : 547 : http://localhost:51581 "POST /session/023208ee1a586557c11ce3f86ae6f726/element HTTP/1.1" 200 0
2024-07-03 14:41:38,010 : DEBUG : selenium.webdriver.remote.remote_connection : _request : 329 : Remote response: status=200 | data={"value":{"element-6066-11e4-a52e-4f735466cecf":"f.01FD8BB8B092486888A335BC8FD4C767.d.F684D064A4155BEC79400810C8C11D45.e.20"}} | headers=HTTPHeaderDict({'Content-Length': '126', 'Content-Type': 'application/json; charset=utf-8', 'cache-control': 'no-cache'})
2024-07-03 14:41:38,010 : DEBUG : selenium.webdriver.remote.remote_connection : _request : 356 : Finished Request
2024-07-03 14:41:38,010 : DEBUG : selenium.webdriver.remote.remote_connection : _request : 313 : POST http://localhost:51581/session/023208ee1a586557c11ce3f86ae6f726/element/f.01FD8BB8B092486888A335BC8FD4C767.d.F684D064A4155BEC79400810C8C11D45.e.20/click {}
2024-07-03 14:41:38,096 : DEBUG : urllib3.connectionpool : _make_request : 547 : http://localhost:51581 "POST /session/023208ee1a586557c11ce3f86ae6f726/element/f.01FD8BB8B092486888A335BC8FD4C767.d.F684D064A4155BEC79400810C8C11D45.e.20/click HTTP/1.1" 200 0
2024-07-03 14:41:38,096 : DEBUG : selenium.webdriver.remote.remote_connection : _request : 329 : Remote response: status=200 | data={"value":null} | headers=HTTPHeaderDict({'Content-Length': '14', 'Content-Type': 'application/json; charset=utf-8', 'cache-control': 'no-cache'})
2024-07-03 14:41:38,096 : DEBUG : selenium.webdriver.remote.remote_connection : _request : 356 : Finished Request
2024-07-03 14:41:38,098 : DEBUG : selenium.webdriver.remote.remote_connection : _request : 313 : POST http://localhost:51581/session/023208ee1a586557c11ce3f86ae6f726/element {"using": "xpath", "value": "//button[@id='add-to-cart-sauce-labs-bike-light']"}
2024-07-03 14:41:48,136 : DEBUG : urllib3.connectionpool : _make_request : 547 : http://localhost:51581 "POST /session/023208ee1a586557c11ce3f86ae6f726/element HTTP/1.1" 404 0
2024-07-03 14:41:48,136 : DEBUG : selenium.webdriver.remote.remote_connection : _request : 329 : Remote response: status=404 | data={"value":{"error":"no such element","message":"no such element: Unable to locate element: {\"method\":\"xpath\",\"selector\":\"//button[@id='add-to-cart-sauce-labs-bike-light']\"}\n  (Session info: chrome=126.0.6478.127)","stacktrace":"\tGetHandleVerifier [0x00007FF7F38AEEA2+31554]\n\t(No symbol) [0x00007FF7F3827ED9]\n\t(No symbol) [0x00007FF7F36E872A]\n\t(No symbol) [0x00007FF7F3738434]\n\t(No symbol) [0x00007FF7F373853C]\n\t(No symbol) [0x00007FF7F377F6A7]\n\t(No symbol) [0x00007FF7F375D06F]\n\t(No symbol) [0x00007FF7F377C977]\n\t(No symbol) [0x00007FF7F375CDD3]\n\t(No symbol) [0x00007FF7F372A33B]\n\t(No symbol) [0x00007FF7F372AED1]\n\tGetHandleVerifier [0x00007FF7F3BB8B1D+3217341]\n\tGetHandleVerifier [0x00007FF7F3C05AE3+3532675]\n\tGetHandleVerifier [0x00007FF7F3BFB0E0+3489152]\n\tGetHandleVerifier [0x00007FF7F395E776+750614]\n\t(No symbol) [0x00007FF7F383375F]\n\t(No symbol) [0x00007FF7F382EB14]\n\t(No symbol) [0x00007FF7F382ECA2]\n\t(No symbol) [0x00007FF7F381E16F]\n\tBaseThreadInitThunk [0x00007FFCCF2F7614+20]\n\tRtlUserThreadStart [0x00007FFCD00A26B1+33]\n"}} | headers=HTTPHeaderDict({'Content-Length': '1083', 'Content-Type': 'application/json; charset=utf-8', 'cache-control': 'no-cache'})
2024-07-03 14:41:48,136 : DEBUG : selenium.webdriver.remote.remote_connection : _request : 356 : Finished Request
2024-07-06 11:44:41,237 : DEBUG : selenium.webdriver.common.selenium_manager : get_binary : 63 : Selenium Manager binary found at: C:\Users\kiran patil\PycharmProjects\saucedemo1\venv\Lib\site-packages\selenium\webdriver\common\windows\selenium-manager.exe
2024-07-06 11:44:41,253 : DEBUG : selenium.webdriver.common.selenium_manager : run : 120 : Executing process: C:\Users\kiran patil\PycharmProjects\saucedemo1\venv\Lib\site-packages\selenium\webdriver\common\windows\selenium-manager.exe --browser chrome --debug --output json
2024-07-06 11:44:58,284 : DEBUG : selenium.webdriver.common.selenium_manager : run : 137 : Found chromedriver 126.0.6478.126 in PATH: C:\Python\Python311\Scripts\chromedriver.exe
2024-07-06 11:44:58,284 : DEBUG : selenium.webdriver.common.selenium_manager : run : 137 : chrome detected at C:\Program Files\Google\Chrome\Application\chrome.exe
2024-07-06 11:44:58,284 : DEBUG : selenium.webdriver.common.selenium_manager : run : 137 : Running command: wmic datafile where name='C:\\Program Files\\Google\\Chrome\\Application\\chrome.exe' get Version /value
2024-07-06 11:44:58,284 : DEBUG : selenium.webdriver.common.selenium_manager : run : 137 : Output: "\r\r\n\r\r\nVersion=126.0.6478.127\r\r\n\r\r\n\r\r\n\r"
2024-07-06 11:44:58,284 : DEBUG : selenium.webdriver.common.selenium_manager : run : 137 : Detected browser: chrome 126.0.6478.127
2024-07-06 11:44:58,284 : DEBUG : selenium.webdriver.common.selenium_manager : run : 137 : Discovering versions from https://googlechromelabs.github.io/chrome-for-testing/known-good-versions-with-downloads.json
2024-07-06 11:44:58,284 : DEBUG : selenium.webdriver.common.selenium_manager : run : 137 : Required driver: chromedriver 126.0.6478.126
2024-07-06 11:44:58,284 : DEBUG : selenium.webdriver.common.selenium_manager : run : 137 : Driver path: C:\Python\Python311\Scripts\chromedriver.exe
2024-07-06 11:44:58,284 : DEBUG : selenium.webdriver.common.selenium_manager : run : 137 : Browser path: C:\Program Files\Google\Chrome\Application\chrome.exe
2024-07-06 11:44:58,284 : DEBUG : selenium.webdriver.common.selenium_manager : driver_location : 98 : Using driver at: C:\Python\Python311\Scripts\chromedriver.exe
2024-07-06 11:44:58,299 : DEBUG : selenium.webdriver.common.service : _start_process : 215 : Started executable: `C:\Python\Python311\Scripts\chromedriver.exe` in a child process with pid: 8500
2024-07-06 11:44:58,846 : DEBUG : selenium.webdriver.remote.remote_connection : _request : 313 : POST http://localhost:56000/session {"capabilities": {"firstMatch": [{}], "alwaysMatch": {"browserName": "chrome", "pageLoadStrategy": "normal", "browserVersion": null, "goog:chromeOptions": {"extensions": [], "binary": "C:\\Program Files\\Google\\Chrome\\Application\\chrome.exe", "args": []}}}}
2024-07-06 11:44:58,846 : DEBUG : urllib3.connectionpool : _new_conn : 245 : Starting new HTTP connection (1): localhost:56000
2024-07-06 11:45:19,174 : DEBUG : urllib3.connectionpool : _make_request : 547 : http://localhost:56000 "POST /session HTTP/1.1" 200 0
2024-07-06 11:45:19,174 : DEBUG : selenium.webdriver.remote.remote_connection : _request : 329 : Remote response: status=200 | data={"value":{"capabilities":{"acceptInsecureCerts":false,"browserName":"chrome","browserVersion":"126.0.6478.127","chrome":{"chromedriverVersion":"126.0.6478.126 (d36ace6122e0a59570e258d82441395206d60e1c-refs/branch-heads/6478@{#1591})","userDataDir":"C:\\Users\\KIRANP~1\\AppData\\Local\\Temp\\scoped_dir8500_1899602113"},"fedcm:accounts":true,"goog:chromeOptions":{"debuggerAddress":"localhost:56006"},"networkConnectionEnabled":false,"pageLoadStrategy":"normal","platformName":"windows","proxy":{},"setWindowRect":true,"strictFileInteractability":false,"timeouts":{"implicit":0,"pageLoad":300000,"script":30000},"unhandledPromptBehavior":"dismiss and notify","webauthn:extension:credBlob":true,"webauthn:extension:largeBlob":true,"webauthn:extension:minPinLength":true,"webauthn:extension:prf":true,"webauthn:virtualAuthenticators":true},"sessionId":"e7ebc37cdb10966a2f15e68e7c9b828f"}} | headers=HTTPHeaderDict({'Content-Length': '886', 'Content-Type': 'application/json; charset=utf-8', 'cache-control': 'no-cache'})
2024-07-06 11:45:19,174 : DEBUG : selenium.webdriver.remote.remote_connection : _request : 356 : Finished Request
2024-07-06 11:45:19,174 : INFO : root : test_BackToProductPage : 17 : ******* Starting test_BackToProductPage **********
2024-07-06 11:45:19,174 : DEBUG : selenium.webdriver.remote.remote_connection : _request : 313 : POST http://localhost:56000/session/e7ebc37cdb10966a2f15e68e7c9b828f/timeouts {"implicit": 10000}
2024-07-06 11:45:19,190 : DEBUG : urllib3.connectionpool : _make_request : 547 : http://localhost:56000 "POST /session/e7ebc37cdb10966a2f15e68e7c9b828f/timeouts HTTP/1.1" 200 0
2024-07-06 11:45:19,190 : DEBUG : selenium.webdriver.remote.remote_connection : _request : 329 : Remote response: status=200 | data={"value":null} | headers=HTTPHeaderDict({'Content-Length': '14', 'Content-Type': 'application/json; charset=utf-8', 'cache-control': 'no-cache'})
2024-07-06 11:45:19,190 : DEBUG : selenium.webdriver.remote.remote_connection : _request : 356 : Finished Request
2024-07-06 11:45:19,190 : DEBUG : selenium.webdriver.remote.remote_connection : _request : 313 : POST http://localhost:56000/session/e7ebc37cdb10966a2f15e68e7c9b828f/url {"url": "https://www.saucedemo.com/"}
2024-07-06 11:45:28,349 : DEBUG : urllib3.connectionpool : _make_request : 547 : http://localhost:56000 "POST /session/e7ebc37cdb10966a2f15e68e7c9b828f/url HTTP/1.1" 200 0
2024-07-06 11:45:28,350 : DEBUG : selenium.webdriver.remote.remote_connection : _request : 329 : Remote response: status=200 | data={"value":null} | headers=HTTPHeaderDict({'Content-Length': '14', 'Content-Type': 'application/json; charset=utf-8', 'cache-control': 'no-cache'})
2024-07-06 11:45:28,350 : DEBUG : selenium.webdriver.remote.remote_connection : _request : 356 : Finished Request
2024-07-06 11:45:28,351 : INFO : root : test_BackToProductPage : 22 : **** browser is initialising ****
2024-07-06 11:45:28,351 : DEBUG : selenium.webdriver.remote.remote_connection : _request : 313 : POST http://localhost:56000/session/e7ebc37cdb10966a2f15e68e7c9b828f/window/maximize {}
2024-07-06 11:45:28,665 : DEBUG : urllib3.connectionpool : _make_request : 547 : http://localhost:56000 "POST /session/e7ebc37cdb10966a2f15e68e7c9b828f/window/maximize HTTP/1.1" 200 0
2024-07-06 11:45:28,666 : DEBUG : selenium.webdriver.remote.remote_connection : _request : 329 : Remote response: status=200 | data={"value":{"height":784,"width":1382,"x":-8,"y":-8}} | headers=HTTPHeaderDict({'Content-Length': '51', 'Content-Type': 'application/json; charset=utf-8', 'cache-control': 'no-cache'})
2024-07-06 11:45:28,666 : DEBUG : selenium.webdriver.remote.remote_connection : _request : 356 : Finished Request
2024-07-06 11:45:28,667 : DEBUG : selenium.webdriver.remote.remote_connection : _request : 313 : POST http://localhost:56000/session/e7ebc37cdb10966a2f15e68e7c9b828f/element {"using": "xpath", "value": "//input[@id='user-name']"}
2024-07-06 11:45:29,278 : DEBUG : urllib3.connectionpool : _make_request : 547 : http://localhost:56000 "POST /session/e7ebc37cdb10966a2f15e68e7c9b828f/element HTTP/1.1" 200 0
2024-07-06 11:45:29,278 : DEBUG : selenium.webdriver.remote.remote_connection : _request : 329 : Remote response: status=200 | data={"value":{"element-6066-11e4-a52e-4f735466cecf":"f.D2F64C4EDB21CA9F48D412FCE9C8FF2D.d.4D930504F4A0D0FF3DD7F5128A42D90B.e.3"}} | headers=HTTPHeaderDict({'Content-Length': '125', 'Content-Type': 'application/json; charset=utf-8', 'cache-control': 'no-cache'})
2024-07-06 11:45:29,278 : DEBUG : selenium.webdriver.remote.remote_connection : _request : 356 : Finished Request
2024-07-06 11:45:29,278 : DEBUG : selenium.webdriver.remote.remote_connection : _request : 313 : POST http://localhost:56000/session/e7ebc37cdb10966a2f15e68e7c9b828f/element/f.D2F64C4EDB21CA9F48D412FCE9C8FF2D.d.4D930504F4A0D0FF3DD7F5128A42D90B.e.3/value {"text": "standard_user", "value": ["s", "t", "a", "n", "d", "a", "r", "d", "_", "u", "s", "e", "r"]}
2024-07-06 11:45:30,918 : DEBUG : urllib3.connectionpool : _make_request : 547 : http://localhost:56000 "POST /session/e7ebc37cdb10966a2f15e68e7c9b828f/element/f.D2F64C4EDB21CA9F48D412FCE9C8FF2D.d.4D930504F4A0D0FF3DD7F5128A42D90B.e.3/value HTTP/1.1" 200 0
2024-07-06 11:45:30,918 : DEBUG : selenium.webdriver.remote.remote_connection : _request : 329 : Remote response: status=200 | data={"value":null} | headers=HTTPHeaderDict({'Content-Length': '14', 'Content-Type': 'application/json; charset=utf-8', 'cache-control': 'no-cache'})
2024-07-06 11:45:30,918 : DEBUG : selenium.webdriver.remote.remote_connection : _request : 356 : Finished Request
2024-07-06 11:45:30,918 : DEBUG : selenium.webdriver.remote.remote_connection : _request : 313 : POST http://localhost:56000/session/e7ebc37cdb10966a2f15e68e7c9b828f/element {"using": "xpath", "value": "//input[@id='password']"}
2024-07-06 11:45:30,945 : DEBUG : urllib3.connectionpool : _make_request : 547 : http://localhost:56000 "POST /session/e7ebc37cdb10966a2f15e68e7c9b828f/element HTTP/1.1" 200 0
2024-07-06 11:45:30,945 : DEBUG : selenium.webdriver.remote.remote_connection : _request : 329 : Remote response: status=200 | data={"value":{"element-6066-11e4-a52e-4f735466cecf":"f.D2F64C4EDB21CA9F48D412FCE9C8FF2D.d.4D930504F4A0D0FF3DD7F5128A42D90B.e.4"}} | headers=HTTPHeaderDict({'Content-Length': '125', 'Content-Type': 'application/json; charset=utf-8', 'cache-control': 'no-cache'})
2024-07-06 11:45:30,945 : DEBUG : selenium.webdriver.remote.remote_connection : _request : 356 : Finished Request
2024-07-06 11:45:30,945 : DEBUG : selenium.webdriver.remote.remote_connection : _request : 313 : POST http://localhost:56000/session/e7ebc37cdb10966a2f15e68e7c9b828f/element/f.D2F64C4EDB21CA9F48D412FCE9C8FF2D.d.4D930504F4A0D0FF3DD7F5128A42D90B.e.4/value {"text": "secret_sauce", "value": ["s", "e", "c", "r", "e", "t", "_", "s", "a", "u", "c", "e"]}
2024-07-06 11:45:31,042 : DEBUG : urllib3.connectionpool : _make_request : 547 : http://localhost:56000 "POST /session/e7ebc37cdb10966a2f15e68e7c9b828f/element/f.D2F64C4EDB21CA9F48D412FCE9C8FF2D.d.4D930504F4A0D0FF3DD7F5128A42D90B.e.4/value HTTP/1.1" 200 0
2024-07-06 11:45:31,042 : DEBUG : selenium.webdriver.remote.remote_connection : _request : 329 : Remote response: status=200 | data={"value":null} | headers=HTTPHeaderDict({'Content-Length': '14', 'Content-Type': 'application/json; charset=utf-8', 'cache-control': 'no-cache'})
2024-07-06 11:45:31,042 : DEBUG : selenium.webdriver.remote.remote_connection : _request : 356 : Finished Request
2024-07-06 11:45:31,042 : DEBUG : selenium.webdriver.remote.remote_connection : _request : 313 : POST http://localhost:56000/session/e7ebc37cdb10966a2f15e68e7c9b828f/element {"using": "xpath", "value": "//input[@id='login-button']"}
2024-07-06 11:45:31,058 : DEBUG : urllib3.connectionpool : _make_request : 547 : http://localhost:56000 "POST /session/e7ebc37cdb10966a2f15e68e7c9b828f/element HTTP/1.1" 200 0
2024-07-06 11:45:31,058 : DEBUG : selenium.webdriver.remote.remote_connection : _request : 329 : Remote response: status=200 | data={"value":{"element-6066-11e4-a52e-4f735466cecf":"f.D2F64C4EDB21CA9F48D412FCE9C8FF2D.d.4D930504F4A0D0FF3DD7F5128A42D90B.e.5"}} | headers=HTTPHeaderDict({'Content-Length': '125', 'Content-Type': 'application/json; charset=utf-8', 'cache-control': 'no-cache'})
2024-07-06 11:45:31,058 : DEBUG : selenium.webdriver.remote.remote_connection : _request : 356 : Finished Request
2024-07-06 11:45:31,058 : DEBUG : selenium.webdriver.remote.remote_connection : _request : 313 : POST http://localhost:56000/session/e7ebc37cdb10966a2f15e68e7c9b828f/element/f.D2F64C4EDB21CA9F48D412FCE9C8FF2D.d.4D930504F4A0D0FF3DD7F5128A42D90B.e.5/click {}
2024-07-06 11:45:33,116 : DEBUG : urllib3.connectionpool : _make_request : 547 : http://localhost:56000 "POST /session/e7ebc37cdb10966a2f15e68e7c9b828f/element/f.D2F64C4EDB21CA9F48D412FCE9C8FF2D.d.4D930504F4A0D0FF3DD7F5128A42D90B.e.5/click HTTP/1.1" 200 0
2024-07-06 11:45:33,116 : DEBUG : selenium.webdriver.remote.remote_connection : _request : 329 : Remote response: status=200 | data={"value":null} | headers=HTTPHeaderDict({'Content-Length': '14', 'Content-Type': 'application/json; charset=utf-8', 'cache-control': 'no-cache'})
2024-07-06 11:45:33,117 : DEBUG : selenium.webdriver.remote.remote_connection : _request : 356 : Finished Request
2024-07-06 11:45:33,117 : INFO : root : test_BackToProductPage : 28 : **** navigating to productPage ****
2024-07-06 11:45:33,118 : DEBUG : selenium.webdriver.remote.remote_connection : _request : 313 : POST http://localhost:56000/session/e7ebc37cdb10966a2f15e68e7c9b828f/element {"using": "xpath", "value": "//div[normalize-space()='Sauce Labs Bolt T-Shirt']"}
2024-07-06 11:45:33,144 : DEBUG : urllib3.connectionpool : _make_request : 547 : http://localhost:56000 "POST /session/e7ebc37cdb10966a2f15e68e7c9b828f/element HTTP/1.1" 200 0
2024-07-06 11:45:33,144 : DEBUG : selenium.webdriver.remote.remote_connection : _request : 329 : Remote response: status=200 | data={"value":{"element-6066-11e4-a52e-4f735466cecf":"f.D2F64C4EDB21CA9F48D412FCE9C8FF2D.d.4D930504F4A0D0FF3DD7F5128A42D90B.e.23"}} | headers=HTTPHeaderDict({'Content-Length': '126', 'Content-Type': 'application/json; charset=utf-8', 'cache-control': 'no-cache'})
2024-07-06 11:45:33,144 : DEBUG : selenium.webdriver.remote.remote_connection : _request : 356 : Finished Request
2024-07-06 11:45:33,144 : DEBUG : selenium.webdriver.remote.remote_connection : _request : 313 : POST http://localhost:56000/session/e7ebc37cdb10966a2f15e68e7c9b828f/element/f.D2F64C4EDB21CA9F48D412FCE9C8FF2D.d.4D930504F4A0D0FF3DD7F5128A42D90B.e.23/click {}
2024-07-06 11:45:33,230 : DEBUG : urllib3.connectionpool : _make_request : 547 : http://localhost:56000 "POST /session/e7ebc37cdb10966a2f15e68e7c9b828f/element/f.D2F64C4EDB21CA9F48D412FCE9C8FF2D.d.4D930504F4A0D0FF3DD7F5128A42D90B.e.23/click HTTP/1.1" 200 0
2024-07-06 11:45:33,230 : DEBUG : selenium.webdriver.remote.remote_connection : _request : 329 : Remote response: status=200 | data={"value":null} | headers=HTTPHeaderDict({'Content-Length': '14', 'Content-Type': 'application/json; charset=utf-8', 'cache-control': 'no-cache'})
2024-07-06 11:45:33,231 : DEBUG : selenium.webdriver.remote.remote_connection : _request : 356 : Finished Request
2024-07-06 11:45:34,232 : DEBUG : selenium.webdriver.remote.remote_connection : _request : 313 : POST http://localhost:56000/session/e7ebc37cdb10966a2f15e68e7c9b828f/element {"using": "xpath", "value": "//button[@id='add-to-cart-sauce-labs-bolt-t-shirt']"}
2024-07-06 11:45:44,294 : DEBUG : urllib3.connectionpool : _make_request : 547 : http://localhost:56000 "POST /session/e7ebc37cdb10966a2f15e68e7c9b828f/element HTTP/1.1" 404 0
2024-07-06 11:45:44,294 : DEBUG : selenium.webdriver.remote.remote_connection : _request : 329 : Remote response: status=404 | data={"value":{"error":"no such element","message":"no such element: Unable to locate element: {\"method\":\"xpath\",\"selector\":\"//button[@id='add-to-cart-sauce-labs-bolt-t-shirt']\"}\n  (Session info: chrome=126.0.6478.127)","stacktrace":"\tGetHandleVerifier [0x00007FF7C417EEA2+31554]\n\t(No symbol) [0x00007FF7C40F7ED9]\n\t(No symbol) [0x00007FF7C3FB872A]\n\t(No symbol) [0x00007FF7C4008434]\n\t(No symbol) [0x00007FF7C400853C]\n\t(No symbol) [0x00007FF7C404F6A7]\n\t(No symbol) [0x00007FF7C402D06F]\n\t(No symbol) [0x00007FF7C404C977]\n\t(No symbol) [0x00007FF7C402CDD3]\n\t(No symbol) [0x00007FF7C3FFA33B]\n\t(No symbol) [0x00007FF7C3FFAED1]\n\tGetHandleVerifier [0x00007FF7C4488B1D+3217341]\n\tGetHandleVerifier [0x00007FF7C44D5AE3+3532675]\n\tGetHandleVerifier [0x00007FF7C44CB0E0+3489152]\n\tGetHandleVerifier [0x00007FF7C422E776+750614]\n\t(No symbol) [0x00007FF7C410375F]\n\t(No symbol) [0x00007FF7C40FEB14]\n\t(No symbol) [0x00007FF7C40FECA2]\n\t(No symbol) [0x00007FF7C40EE16F]\n\tBaseThreadInitThunk [0x00007FFC30CC7614+20]\n\tRtlUserThreadStart [0x00007FFC31FC26B1+33]\n"}} | headers=HTTPHeaderDict({'Content-Length': '1085', 'Content-Type': 'application/json; charset=utf-8', 'cache-control': 'no-cache'})
2024-07-06 11:45:44,294 : DEBUG : selenium.webdriver.remote.remote_connection : _request : 356 : Finished Request
2024-07-06 11:49:24,404 : DEBUG : selenium.webdriver.common.selenium_manager : get_binary : 63 : Selenium Manager binary found at: C:\Users\kiran patil\PycharmProjects\saucedemo1\venv\Lib\site-packages\selenium\webdriver\common\windows\selenium-manager.exe
2024-07-06 11:49:24,404 : DEBUG : selenium.webdriver.common.selenium_manager : run : 120 : Executing process: C:\Users\kiran patil\PycharmProjects\saucedemo1\venv\Lib\site-packages\selenium\webdriver\common\windows\selenium-manager.exe --browser chrome --debug --output json
2024-07-06 11:49:26,049 : DEBUG : selenium.webdriver.common.selenium_manager : run : 137 : Found chromedriver 126.0.6478.126 in PATH: C:\Python\Python311\Scripts\chromedriver.exe
2024-07-06 11:49:26,049 : DEBUG : selenium.webdriver.common.selenium_manager : run : 137 : chrome detected at C:\Program Files\Google\Chrome\Application\chrome.exe
2024-07-06 11:49:26,049 : DEBUG : selenium.webdriver.common.selenium_manager : run : 137 : Running command: wmic datafile where name='C:\\Program Files\\Google\\Chrome\\Application\\chrome.exe' get Version /value
2024-07-06 11:49:26,049 : DEBUG : selenium.webdriver.common.selenium_manager : run : 137 : Output: "\r\r\n\r\r\nVersion=126.0.6478.127\r\r\n\r\r\n\r\r\n\r"
2024-07-06 11:49:26,049 : DEBUG : selenium.webdriver.common.selenium_manager : run : 137 : Detected browser: chrome 126.0.6478.127
2024-07-06 11:49:26,049 : DEBUG : selenium.webdriver.common.selenium_manager : run : 137 : Required driver: chromedriver 126.0.6478.126
2024-07-06 11:49:26,049 : DEBUG : selenium.webdriver.common.selenium_manager : run : 137 : Driver path: C:\Python\Python311\Scripts\chromedriver.exe
2024-07-06 11:49:26,049 : DEBUG : selenium.webdriver.common.selenium_manager : run : 137 : Browser path: C:\Program Files\Google\Chrome\Application\chrome.exe
2024-07-06 11:49:26,049 : DEBUG : selenium.webdriver.common.selenium_manager : driver_location : 98 : Using driver at: C:\Python\Python311\Scripts\chromedriver.exe
2024-07-06 11:49:26,064 : DEBUG : selenium.webdriver.common.service : _start_process : 215 : Started executable: `C:\Python\Python311\Scripts\chromedriver.exe` in a child process with pid: 10432
2024-07-06 11:49:26,596 : DEBUG : selenium.webdriver.remote.remote_connection : _request : 313 : POST http://localhost:56041/session {"capabilities": {"firstMatch": [{}], "alwaysMatch": {"browserName": "chrome", "pageLoadStrategy": "normal", "browserVersion": null, "goog:chromeOptions": {"extensions": [], "binary": "C:\\Program Files\\Google\\Chrome\\Application\\chrome.exe", "args": []}}}}
2024-07-06 11:49:26,596 : DEBUG : urllib3.connectionpool : _new_conn : 245 : Starting new HTTP connection (1): localhost:56041
2024-07-06 11:49:28,763 : DEBUG : urllib3.connectionpool : _make_request : 547 : http://localhost:56041 "POST /session HTTP/1.1" 200 0
2024-07-06 11:49:28,764 : DEBUG : selenium.webdriver.remote.remote_connection : _request : 329 : Remote response: status=200 | data={"value":{"capabilities":{"acceptInsecureCerts":false,"browserName":"chrome","browserVersion":"126.0.6478.127","chrome":{"chromedriverVersion":"126.0.6478.126 (d36ace6122e0a59570e258d82441395206d60e1c-refs/branch-heads/6478@{#1591})","userDataDir":"C:\\Users\\KIRANP~1\\AppData\\Local\\Temp\\scoped_dir10432_458998044"},"fedcm:accounts":true,"goog:chromeOptions":{"debuggerAddress":"localhost:56044"},"networkConnectionEnabled":false,"pageLoadStrategy":"normal","platformName":"windows","proxy":{},"setWindowRect":true,"strictFileInteractability":false,"timeouts":{"implicit":0,"pageLoad":300000,"script":30000},"unhandledPromptBehavior":"dismiss and notify","webauthn:extension:credBlob":true,"webauthn:extension:largeBlob":true,"webauthn:extension:minPinLength":true,"webauthn:extension:prf":true,"webauthn:virtualAuthenticators":true},"sessionId":"67f65e2c4c78c8640d8028f5ef5b368e"}} | headers=HTTPHeaderDict({'Content-Length': '886', 'Content-Type': 'application/json; charset=utf-8', 'cache-control': 'no-cache'})
2024-07-06 11:49:28,765 : DEBUG : selenium.webdriver.remote.remote_connection : _request : 356 : Finished Request
2024-07-06 11:49:28,788 : INFO : root : test001_AddMultiProductToCart : 13 : ******* Starting test_001_Remove_from_cart **********
2024-07-06 11:49:28,788 : DEBUG : selenium.webdriver.remote.remote_connection : _request : 313 : POST http://localhost:56041/session/67f65e2c4c78c8640d8028f5ef5b368e/url {"url": " https://www.saucedemo.com/"}
2024-07-06 11:49:37,850 : DEBUG : urllib3.connectionpool : _make_request : 547 : http://localhost:56041 "POST /session/67f65e2c4c78c8640d8028f5ef5b368e/url HTTP/1.1" 200 0
2024-07-06 11:49:37,851 : DEBUG : selenium.webdriver.remote.remote_connection : _request : 329 : Remote response: status=200 | data={"value":null} | headers=HTTPHeaderDict({'Content-Length': '14', 'Content-Type': 'application/json; charset=utf-8', 'cache-control': 'no-cache'})
2024-07-06 11:49:37,852 : DEBUG : selenium.webdriver.remote.remote_connection : _request : 356 : Finished Request
2024-07-06 11:49:37,852 : DEBUG : selenium.webdriver.remote.remote_connection : _request : 313 : POST http://localhost:56041/session/67f65e2c4c78c8640d8028f5ef5b368e/window/maximize {}
2024-07-06 11:49:41,509 : DEBUG : urllib3.connectionpool : _make_request : 547 : http://localhost:56041 "POST /session/67f65e2c4c78c8640d8028f5ef5b368e/window/maximize HTTP/1.1" 200 0
2024-07-06 11:49:41,510 : DEBUG : selenium.webdriver.remote.remote_connection : _request : 329 : Remote response: status=200 | data={"value":{"height":784,"width":1382,"x":-8,"y":-8}} | headers=HTTPHeaderDict({'Content-Length': '51', 'Content-Type': 'application/json; charset=utf-8', 'cache-control': 'no-cache'})
2024-07-06 11:49:41,510 : DEBUG : selenium.webdriver.remote.remote_connection : _request : 356 : Finished Request
2024-07-06 11:49:41,511 : DEBUG : selenium.webdriver.remote.remote_connection : _request : 313 : POST http://localhost:56041/session/67f65e2c4c78c8640d8028f5ef5b368e/element {"using": "xpath", "value": "//input[@id='user-name']"}
2024-07-06 11:49:41,535 : DEBUG : urllib3.connectionpool : _make_request : 547 : http://localhost:56041 "POST /session/67f65e2c4c78c8640d8028f5ef5b368e/element HTTP/1.1" 200 0
2024-07-06 11:49:41,535 : DEBUG : selenium.webdriver.remote.remote_connection : _request : 329 : Remote response: status=200 | data={"value":{"element-6066-11e4-a52e-4f735466cecf":"f.418F4679817D2DFCBC1C50D9DEFEF68F.d.06AE68CF409B7A673374CA87076D4065.e.3"}} | headers=HTTPHeaderDict({'Content-Length': '125', 'Content-Type': 'application/json; charset=utf-8', 'cache-control': 'no-cache'})
2024-07-06 11:49:41,536 : DEBUG : selenium.webdriver.remote.remote_connection : _request : 356 : Finished Request
2024-07-06 11:49:41,536 : DEBUG : selenium.webdriver.remote.remote_connection : _request : 313 : POST http://localhost:56041/session/67f65e2c4c78c8640d8028f5ef5b368e/element/f.418F4679817D2DFCBC1C50D9DEFEF68F.d.06AE68CF409B7A673374CA87076D4065.e.3/value {"text": "standard_user", "value": ["s", "t", "a", "n", "d", "a", "r", "d", "_", "u", "s", "e", "r"]}
2024-07-06 11:49:41,678 : DEBUG : urllib3.connectionpool : _make_request : 547 : http://localhost:56041 "POST /session/67f65e2c4c78c8640d8028f5ef5b368e/element/f.418F4679817D2DFCBC1C50D9DEFEF68F.d.06AE68CF409B7A673374CA87076D4065.e.3/value HTTP/1.1" 200 0
2024-07-06 11:49:41,678 : DEBUG : selenium.webdriver.remote.remote_connection : _request : 329 : Remote response: status=200 | data={"value":null} | headers=HTTPHeaderDict({'Content-Length': '14', 'Content-Type': 'application/json; charset=utf-8', 'cache-control': 'no-cache'})
2024-07-06 11:49:41,678 : DEBUG : selenium.webdriver.remote.remote_connection : _request : 356 : Finished Request
2024-07-06 11:49:41,678 : DEBUG : selenium.webdriver.remote.remote_connection : _request : 313 : POST http://localhost:56041/session/67f65e2c4c78c8640d8028f5ef5b368e/element {"using": "xpath", "value": "//input[@id='password']"}
2024-07-06 11:49:41,709 : DEBUG : urllib3.connectionpool : _make_request : 547 : http://localhost:56041 "POST /session/67f65e2c4c78c8640d8028f5ef5b368e/element HTTP/1.1" 200 0
2024-07-06 11:49:41,709 : DEBUG : selenium.webdriver.remote.remote_connection : _request : 329 : Remote response: status=200 | data={"value":{"element-6066-11e4-a52e-4f735466cecf":"f.418F4679817D2DFCBC1C50D9DEFEF68F.d.06AE68CF409B7A673374CA87076D4065.e.4"}} | headers=HTTPHeaderDict({'Content-Length': '125', 'Content-Type': 'application/json; charset=utf-8', 'cache-control': 'no-cache'})
2024-07-06 11:49:41,710 : DEBUG : selenium.webdriver.remote.remote_connection : _request : 356 : Finished Request
2024-07-06 11:49:41,710 : DEBUG : selenium.webdriver.remote.remote_connection : _request : 313 : POST http://localhost:56041/session/67f65e2c4c78c8640d8028f5ef5b368e/element/f.418F4679817D2DFCBC1C50D9DEFEF68F.d.06AE68CF409B7A673374CA87076D4065.e.4/value {"text": "secret_sauce", "value": ["s", "e", "c", "r", "e", "t", "_", "s", "a", "u", "c", "e"]}
2024-07-06 11:49:41,815 : DEBUG : urllib3.connectionpool : _make_request : 547 : http://localhost:56041 "POST /session/67f65e2c4c78c8640d8028f5ef5b368e/element/f.418F4679817D2DFCBC1C50D9DEFEF68F.d.06AE68CF409B7A673374CA87076D4065.e.4/value HTTP/1.1" 200 0
2024-07-06 11:49:41,816 : DEBUG : selenium.webdriver.remote.remote_connection : _request : 329 : Remote response: status=200 | data={"value":null} | headers=HTTPHeaderDict({'Content-Length': '14', 'Content-Type': 'application/json; charset=utf-8', 'cache-control': 'no-cache'})
2024-07-06 11:49:41,816 : DEBUG : selenium.webdriver.remote.remote_connection : _request : 356 : Finished Request
2024-07-06 11:49:41,816 : DEBUG : selenium.webdriver.remote.remote_connection : _request : 313 : POST http://localhost:56041/session/67f65e2c4c78c8640d8028f5ef5b368e/element {"using": "xpath", "value": "//input[@id='login-button']"}
2024-07-06 11:49:41,835 : DEBUG : urllib3.connectionpool : _make_request : 547 : http://localhost:56041 "POST /session/67f65e2c4c78c8640d8028f5ef5b368e/element HTTP/1.1" 200 0
2024-07-06 11:49:41,835 : DEBUG : selenium.webdriver.remote.remote_connection : _request : 329 : Remote response: status=200 | data={"value":{"element-6066-11e4-a52e-4f735466cecf":"f.418F4679817D2DFCBC1C50D9DEFEF68F.d.06AE68CF409B7A673374CA87076D4065.e.5"}} | headers=HTTPHeaderDict({'Content-Length': '125', 'Content-Type': 'application/json; charset=utf-8', 'cache-control': 'no-cache'})
2024-07-06 11:49:41,835 : DEBUG : selenium.webdriver.remote.remote_connection : _request : 356 : Finished Request
2024-07-06 11:49:41,836 : DEBUG : selenium.webdriver.remote.remote_connection : _request : 313 : POST http://localhost:56041/session/67f65e2c4c78c8640d8028f5ef5b368e/element/f.418F4679817D2DFCBC1C50D9DEFEF68F.d.06AE68CF409B7A673374CA87076D4065.e.5/click {}
2024-07-06 11:49:41,995 : DEBUG : urllib3.connectionpool : _make_request : 547 : http://localhost:56041 "POST /session/67f65e2c4c78c8640d8028f5ef5b368e/element/f.418F4679817D2DFCBC1C50D9DEFEF68F.d.06AE68CF409B7A673374CA87076D4065.e.5/click HTTP/1.1" 200 0
2024-07-06 11:49:41,995 : DEBUG : selenium.webdriver.remote.remote_connection : _request : 329 : Remote response: status=200 | data={"value":null} | headers=HTTPHeaderDict({'Content-Length': '14', 'Content-Type': 'application/json; charset=utf-8', 'cache-control': 'no-cache'})
2024-07-06 11:49:41,996 : DEBUG : selenium.webdriver.remote.remote_connection : _request : 356 : Finished Request
2024-07-06 11:49:41,996 : DEBUG : selenium.webdriver.remote.remote_connection : _request : 313 : POST http://localhost:56041/session/67f65e2c4c78c8640d8028f5ef5b368e/element {"using": "xpath", "value": "//div[normalize-space()='Sauce Labs Bike Light']"}
2024-07-06 11:49:42,027 : DEBUG : urllib3.connectionpool : _make_request : 547 : http://localhost:56041 "POST /session/67f65e2c4c78c8640d8028f5ef5b368e/element HTTP/1.1" 200 0
2024-07-06 11:49:42,027 : DEBUG : selenium.webdriver.remote.remote_connection : _request : 329 : Remote response: status=200 | data={"value":{"element-6066-11e4-a52e-4f735466cecf":"f.418F4679817D2DFCBC1C50D9DEFEF68F.d.06AE68CF409B7A673374CA87076D4065.e.17"}} | headers=HTTPHeaderDict({'Content-Length': '126', 'Content-Type': 'application/json; charset=utf-8', 'cache-control': 'no-cache'})
2024-07-06 11:49:42,028 : DEBUG : selenium.webdriver.remote.remote_connection : _request : 356 : Finished Request
2024-07-06 11:49:42,028 : DEBUG : selenium.webdriver.remote.remote_connection : _request : 313 : POST http://localhost:56041/session/67f65e2c4c78c8640d8028f5ef5b368e/element/f.418F4679817D2DFCBC1C50D9DEFEF68F.d.06AE68CF409B7A673374CA87076D4065.e.17/click {}
2024-07-06 11:49:42,115 : DEBUG : urllib3.connectionpool : _make_request : 547 : http://localhost:56041 "POST /session/67f65e2c4c78c8640d8028f5ef5b368e/element/f.418F4679817D2DFCBC1C50D9DEFEF68F.d.06AE68CF409B7A673374CA87076D4065.e.17/click HTTP/1.1" 200 0
2024-07-06 11:49:42,116 : DEBUG : selenium.webdriver.remote.remote_connection : _request : 329 : Remote response: status=200 | data={"value":null} | headers=HTTPHeaderDict({'Content-Length': '14', 'Content-Type': 'application/json; charset=utf-8', 'cache-control': 'no-cache'})
2024-07-06 11:49:42,116 : DEBUG : selenium.webdriver.remote.remote_connection : _request : 356 : Finished Request
2024-07-06 11:49:42,117 : DEBUG : selenium.webdriver.remote.remote_connection : _request : 313 : POST http://localhost:56041/session/67f65e2c4c78c8640d8028f5ef5b368e/element {"using": "xpath", "value": "//button[@id='add-to-cart-sauce-labs-bike-light']"}
2024-07-06 11:49:42,140 : DEBUG : urllib3.connectionpool : _make_request : 547 : http://localhost:56041 "POST /session/67f65e2c4c78c8640d8028f5ef5b368e/element HTTP/1.1" 404 0
2024-07-06 11:49:42,140 : DEBUG : selenium.webdriver.remote.remote_connection : _request : 329 : Remote response: status=404 | data={"value":{"error":"no such element","message":"no such element: Unable to locate element: {\"method\":\"xpath\",\"selector\":\"//button[@id='add-to-cart-sauce-labs-bike-light']\"}\n  (Session info: chrome=126.0.6478.127)","stacktrace":"\tGetHandleVerifier [0x00007FF7C417EEA2+31554]\n\t(No symbol) [0x00007FF7C40F7ED9]\n\t(No symbol) [0x00007FF7C3FB872A]\n\t(No symbol) [0x00007FF7C4008434]\n\t(No symbol) [0x00007FF7C400853C]\n\t(No symbol) [0x00007FF7C404F6A7]\n\t(No symbol) [0x00007FF7C402D06F]\n\t(No symbol) [0x00007FF7C404C977]\n\t(No symbol) [0x00007FF7C402CDD3]\n\t(No symbol) [0x00007FF7C3FFA33B]\n\t(No symbol) [0x00007FF7C3FFAED1]\n\tGetHandleVerifier [0x00007FF7C4488B1D+3217341]\n\tGetHandleVerifier [0x00007FF7C44D5AE3+3532675]\n\tGetHandleVerifier [0x00007FF7C44CB0E0+3489152]\n\tGetHandleVerifier [0x00007FF7C422E776+750614]\n\t(No symbol) [0x00007FF7C410375F]\n\t(No symbol) [0x00007FF7C40FEB14]\n\t(No symbol) [0x00007FF7C40FECA2]\n\t(No symbol) [0x00007FF7C40EE16F]\n\tBaseThreadInitThunk [0x00007FFC30CC7614+20]\n\tRtlUserThreadStart [0x00007FFC31FC26B1+33]\n"}} | headers=HTTPHeaderDict({'Content-Length': '1083', 'Content-Type': 'application/json; charset=utf-8', 'cache-control': 'no-cache'})
2024-07-06 11:49:42,141 : DEBUG : selenium.webdriver.remote.remote_connection : _request : 356 : Finished Request
2024-07-06 11:49:42,642 : DEBUG : selenium.webdriver.remote.remote_connection : _request : 313 : POST http://localhost:56041/session/67f65e2c4c78c8640d8028f5ef5b368e/element {"using": "xpath", "value": "//button[@id='add-to-cart-sauce-labs-bike-light']"}
2024-07-06 11:49:42,666 : DEBUG : urllib3.connectionpool : _make_request : 547 : http://localhost:56041 "POST /session/67f65e2c4c78c8640d8028f5ef5b368e/element HTTP/1.1" 404 0
2024-07-06 11:49:42,681 : DEBUG : selenium.webdriver.remote.remote_connection : _request : 329 : Remote response: status=404 | data={"value":{"error":"no such element","message":"no such element: Unable to locate element: {\"method\":\"xpath\",\"selector\":\"//button[@id='add-to-cart-sauce-labs-bike-light']\"}\n  (Session info: chrome=126.0.6478.127)","stacktrace":"\tGetHandleVerifier [0x00007FF7C417EEA2+31554]\n\t(No symbol) [0x00007FF7C40F7ED9]\n\t(No symbol) [0x00007FF7C3FB872A]\n\t(No symbol) [0x00007FF7C4008434]\n\t(No symbol) [0x00007FF7C400853C]\n\t(No symbol) [0x00007FF7C404F6A7]\n\t(No symbol) [0x00007FF7C402D06F]\n\t(No symbol) [0x00007FF7C404C977]\n\t(No symbol) [0x00007FF7C402CDD3]\n\t(No symbol) [0x00007FF7C3FFA33B]\n\t(No symbol) [0x00007FF7C3FFAED1]\n\tGetHandleVerifier [0x00007FF7C4488B1D+3217341]\n\tGetHandleVerifier [0x00007FF7C44D5AE3+3532675]\n\tGetHandleVerifier [0x00007FF7C44CB0E0+3489152]\n\tGetHandleVerifier [0x00007FF7C422E776+750614]\n\t(No symbol) [0x00007FF7C410375F]\n\t(No symbol) [0x00007FF7C40FEB14]\n\t(No symbol) [0x00007FF7C40FECA2]\n\t(No symbol) [0x00007FF7C40EE16F]\n\tBaseThreadInitThunk [0x00007FFC30CC7614+20]\n\tRtlUserThreadStart [0x00007FFC31FC26B1+33]\n"}} | headers=HTTPHeaderDict({'Content-Length': '1083', 'Content-Type': 'application/json; charset=utf-8', 'cache-control': 'no-cache'})
2024-07-06 11:49:42,681 : DEBUG : selenium.webdriver.remote.remote_connection : _request : 356 : Finished Request
2024-07-06 11:49:43,184 : DEBUG : selenium.webdriver.remote.remote_connection : _request : 313 : POST http://localhost:56041/session/67f65e2c4c78c8640d8028f5ef5b368e/element {"using": "xpath", "value": "//button[@id='add-to-cart-sauce-labs-bike-light']"}
2024-07-06 11:49:43,215 : DEBUG : urllib3.connectionpool : _make_request : 547 : http://localhost:56041 "POST /session/67f65e2c4c78c8640d8028f5ef5b368e/element HTTP/1.1" 404 0
2024-07-06 11:49:43,215 : DEBUG : selenium.webdriver.remote.remote_connection : _request : 329 : Remote response: status=404 | data={"value":{"error":"no such element","message":"no such element: Unable to locate element: {\"method\":\"xpath\",\"selector\":\"//button[@id='add-to-cart-sauce-labs-bike-light']\"}\n  (Session info: chrome=126.0.6478.127)","stacktrace":"\tGetHandleVerifier [0x00007FF7C417EEA2+31554]\n\t(No symbol) [0x00007FF7C40F7ED9]\n\t(No symbol) [0x00007FF7C3FB872A]\n\t(No symbol) [0x00007FF7C4008434]\n\t(No symbol) [0x00007FF7C400853C]\n\t(No symbol) [0x00007FF7C404F6A7]\n\t(No symbol) [0x00007FF7C402D06F]\n\t(No symbol) [0x00007FF7C404C977]\n\t(No symbol) [0x00007FF7C402CDD3]\n\t(No symbol) [0x00007FF7C3FFA33B]\n\t(No symbol) [0x00007FF7C3FFAED1]\n\tGetHandleVerifier [0x00007FF7C4488B1D+3217341]\n\tGetHandleVerifier [0x00007FF7C44D5AE3+3532675]\n\tGetHandleVerifier [0x00007FF7C44CB0E0+3489152]\n\tGetHandleVerifier [0x00007FF7C422E776+750614]\n\t(No symbol) [0x00007FF7C410375F]\n\t(No symbol) [0x00007FF7C40FEB14]\n\t(No symbol) [0x00007FF7C40FECA2]\n\t(No symbol) [0x00007FF7C40EE16F]\n\tBaseThreadInitThunk [0x00007FFC30CC7614+20]\n\tRtlUserThreadStart [0x00007FFC31FC26B1+33]\n"}} | headers=HTTPHeaderDict({'Content-Length': '1083', 'Content-Type': 'application/json; charset=utf-8', 'cache-control': 'no-cache'})
2024-07-06 11:49:43,215 : DEBUG : selenium.webdriver.remote.remote_connection : _request : 356 : Finished Request
2024-07-06 11:49:43,719 : DEBUG : selenium.webdriver.remote.remote_connection : _request : 313 : POST http://localhost:56041/session/67f65e2c4c78c8640d8028f5ef5b368e/element {"using": "xpath", "value": "//button[@id='add-to-cart-sauce-labs-bike-light']"}
2024-07-06 11:49:43,719 : DEBUG : urllib3.connectionpool : _make_request : 547 : http://localhost:56041 "POST /session/67f65e2c4c78c8640d8028f5ef5b368e/element HTTP/1.1" 404 0
2024-07-06 11:49:43,719 : DEBUG : selenium.webdriver.remote.remote_connection : _request : 329 : Remote response: status=404 | data={"value":{"error":"no such element","message":"no such element: Unable to locate element: {\"method\":\"xpath\",\"selector\":\"//button[@id='add-to-cart-sauce-labs-bike-light']\"}\n  (Session info: chrome=126.0.6478.127)","stacktrace":"\tGetHandleVerifier [0x00007FF7C417EEA2+31554]\n\t(No symbol) [0x00007FF7C40F7ED9]\n\t(No symbol) [0x00007FF7C3FB872A]\n\t(No symbol) [0x00007FF7C4008434]\n\t(No symbol) [0x00007FF7C400853C]\n\t(No symbol) [0x00007FF7C404F6A7]\n\t(No symbol) [0x00007FF7C402D06F]\n\t(No symbol) [0x00007FF7C404C977]\n\t(No symbol) [0x00007FF7C402CDD3]\n\t(No symbol) [0x00007FF7C3FFA33B]\n\t(No symbol) [0x00007FF7C3FFAED1]\n\tGetHandleVerifier [0x00007FF7C4488B1D+3217341]\n\tGetHandleVerifier [0x00007FF7C44D5AE3+3532675]\n\tGetHandleVerifier [0x00007FF7C44CB0E0+3489152]\n\tGetHandleVerifier [0x00007FF7C422E776+750614]\n\t(No symbol) [0x00007FF7C410375F]\n\t(No symbol) [0x00007FF7C40FEB14]\n\t(No symbol) [0x00007FF7C40FECA2]\n\t(No symbol) [0x00007FF7C40EE16F]\n\tBaseThreadInitThunk [0x00007FFC30CC7614+20]\n\tRtlUserThreadStart [0x00007FFC31FC26B1+33]\n"}} | headers=HTTPHeaderDict({'Content-Length': '1083', 'Content-Type': 'application/json; charset=utf-8', 'cache-control': 'no-cache'})
2024-07-06 11:49:43,719 : DEBUG : selenium.webdriver.remote.remote_connection : _request : 356 : Finished Request
2024-07-06 11:49:44,235 : DEBUG : selenium.webdriver.remote.remote_connection : _request : 313 : POST http://localhost:56041/session/67f65e2c4c78c8640d8028f5ef5b368e/element {"using": "xpath", "value": "//button[@id='add-to-cart-sauce-labs-bike-light']"}
2024-07-06 11:49:44,235 : DEBUG : urllib3.connectionpool : _make_request : 547 : http://localhost:56041 "POST /session/67f65e2c4c78c8640d8028f5ef5b368e/element HTTP/1.1" 404 0
2024-07-06 11:49:44,235 : DEBUG : selenium.webdriver.remote.remote_connection : _request : 329 : Remote response: status=404 | data={"value":{"error":"no such element","message":"no such element: Unable to locate element: {\"method\":\"xpath\",\"selector\":\"//button[@id='add-to-cart-sauce-labs-bike-light']\"}\n  (Session info: chrome=126.0.6478.127)","stacktrace":"\tGetHandleVerifier [0x00007FF7C417EEA2+31554]\n\t(No symbol) [0x00007FF7C40F7ED9]\n\t(No symbol) [0x00007FF7C3FB872A]\n\t(No symbol) [0x00007FF7C4008434]\n\t(No symbol) [0x00007FF7C400853C]\n\t(No symbol) [0x00007FF7C404F6A7]\n\t(No symbol) [0x00007FF7C402D06F]\n\t(No symbol) [0x00007FF7C404C977]\n\t(No symbol) [0x00007FF7C402CDD3]\n\t(No symbol) [0x00007FF7C3FFA33B]\n\t(No symbol) [0x00007FF7C3FFAED1]\n\tGetHandleVerifier [0x00007FF7C4488B1D+3217341]\n\tGetHandleVerifier [0x00007FF7C44D5AE3+3532675]\n\tGetHandleVerifier [0x00007FF7C44CB0E0+3489152]\n\tGetHandleVerifier [0x00007FF7C422E776+750614]\n\t(No symbol) [0x00007FF7C410375F]\n\t(No symbol) [0x00007FF7C40FEB14]\n\t(No symbol) [0x00007FF7C40FECA2]\n\t(No symbol) [0x00007FF7C40EE16F]\n\tBaseThreadInitThunk [0x00007FFC30CC7614+20]\n\tRtlUserThreadStart [0x00007FFC31FC26B1+33]\n"}} | headers=HTTPHeaderDict({'Content-Length': '1083', 'Content-Type': 'application/json; charset=utf-8', 'cache-control': 'no-cache'})
2024-07-06 11:49:44,235 : DEBUG : selenium.webdriver.remote.remote_connection : _request : 356 : Finished Request
2024-07-06 11:49:44,750 : DEBUG : selenium.webdriver.remote.remote_connection : _request : 313 : POST http://localhost:56041/session/67f65e2c4c78c8640d8028f5ef5b368e/element {"using": "xpath", "value": "//button[@id='add-to-cart-sauce-labs-bike-light']"}
2024-07-06 11:49:44,781 : DEBUG : urllib3.connectionpool : _make_request : 547 : http://localhost:56041 "POST /session/67f65e2c4c78c8640d8028f5ef5b368e/element HTTP/1.1" 404 0
2024-07-06 11:49:44,781 : DEBUG : selenium.webdriver.remote.remote_connection : _request : 329 : Remote response: status=404 | data={"value":{"error":"no such element","message":"no such element: Unable to locate element: {\"method\":\"xpath\",\"selector\":\"//button[@id='add-to-cart-sauce-labs-bike-light']\"}\n  (Session info: chrome=126.0.6478.127)","stacktrace":"\tGetHandleVerifier [0x00007FF7C417EEA2+31554]\n\t(No symbol) [0x00007FF7C40F7ED9]\n\t(No symbol) [0x00007FF7C3FB872A]\n\t(No symbol) [0x00007FF7C4008434]\n\t(No symbol) [0x00007FF7C400853C]\n\t(No symbol) [0x00007FF7C404F6A7]\n\t(No symbol) [0x00007FF7C402D06F]\n\t(No symbol) [0x00007FF7C404C977]\n\t(No symbol) [0x00007FF7C402CDD3]\n\t(No symbol) [0x00007FF7C3FFA33B]\n\t(No symbol) [0x00007FF7C3FFAED1]\n\tGetHandleVerifier [0x00007FF7C4488B1D+3217341]\n\tGetHandleVerifier [0x00007FF7C44D5AE3+3532675]\n\tGetHandleVerifier [0x00007FF7C44CB0E0+3489152]\n\tGetHandleVerifier [0x00007FF7C422E776+750614]\n\t(No symbol) [0x00007FF7C410375F]\n\t(No symbol) [0x00007FF7C40FEB14]\n\t(No symbol) [0x00007FF7C40FECA2]\n\t(No symbol) [0x00007FF7C40EE16F]\n\tBaseThreadInitThunk [0x00007FFC30CC7614+20]\n\tRtlUserThreadStart [0x00007FFC31FC26B1+33]\n"}} | headers=HTTPHeaderDict({'Content-Length': '1083', 'Content-Type': 'application/json; charset=utf-8', 'cache-control': 'no-cache'})
2024-07-06 11:49:44,781 : DEBUG : selenium.webdriver.remote.remote_connection : _request : 356 : Finished Request
2024-07-06 11:49:45,288 : DEBUG : selenium.webdriver.remote.remote_connection : _request : 313 : POST http://localhost:56041/session/67f65e2c4c78c8640d8028f5ef5b368e/element {"using": "xpath", "value": "//button[@id='add-to-cart-sauce-labs-bike-light']"}
2024-07-06 11:49:45,319 : DEBUG : urllib3.connectionpool : _make_request : 547 : http://localhost:56041 "POST /session/67f65e2c4c78c8640d8028f5ef5b368e/element HTTP/1.1" 404 0
2024-07-06 11:49:45,319 : DEBUG : selenium.webdriver.remote.remote_connection : _request : 329 : Remote response: status=404 | data={"value":{"error":"no such element","message":"no such element: Unable to locate element: {\"method\":\"xpath\",\"selector\":\"//button[@id='add-to-cart-sauce-labs-bike-light']\"}\n  (Session info: chrome=126.0.6478.127)","stacktrace":"\tGetHandleVerifier [0x00007FF7C417EEA2+31554]\n\t(No symbol) [0x00007FF7C40F7ED9]\n\t(No symbol) [0x00007FF7C3FB872A]\n\t(No symbol) [0x00007FF7C4008434]\n\t(No symbol) [0x00007FF7C400853C]\n\t(No symbol) [0x00007FF7C404F6A7]\n\t(No symbol) [0x00007FF7C402D06F]\n\t(No symbol) [0x00007FF7C404C977]\n\t(No symbol) [0x00007FF7C402CDD3]\n\t(No symbol) [0x00007FF7C3FFA33B]\n\t(No symbol) [0x00007FF7C3FFAED1]\n\tGetHandleVerifier [0x00007FF7C4488B1D+3217341]\n\tGetHandleVerifier [0x00007FF7C44D5AE3+3532675]\n\tGetHandleVerifier [0x00007FF7C44CB0E0+3489152]\n\tGetHandleVerifier [0x00007FF7C422E776+750614]\n\t(No symbol) [0x00007FF7C410375F]\n\t(No symbol) [0x00007FF7C40FEB14]\n\t(No symbol) [0x00007FF7C40FECA2]\n\t(No symbol) [0x00007FF7C40EE16F]\n\tBaseThreadInitThunk [0x00007FFC30CC7614+20]\n\tRtlUserThreadStart [0x00007FFC31FC26B1+33]\n"}} | headers=HTTPHeaderDict({'Content-Length': '1083', 'Content-Type': 'application/json; charset=utf-8', 'cache-control': 'no-cache'})
2024-07-06 11:49:45,319 : DEBUG : selenium.webdriver.remote.remote_connection : _request : 356 : Finished Request
2024-07-06 11:49:45,823 : DEBUG : selenium.webdriver.remote.remote_connection : _request : 313 : POST http://localhost:56041/session/67f65e2c4c78c8640d8028f5ef5b368e/element {"using": "xpath", "value": "//button[@id='add-to-cart-sauce-labs-bike-light']"}
2024-07-06 11:49:45,855 : DEBUG : urllib3.connectionpool : _make_request : 547 : http://localhost:56041 "POST /session/67f65e2c4c78c8640d8028f5ef5b368e/element HTTP/1.1" 404 0
2024-07-06 11:49:45,855 : DEBUG : selenium.webdriver.remote.remote_connection : _request : 329 : Remote response: status=404 | data={"value":{"error":"no such element","message":"no such element: Unable to locate element: {\"method\":\"xpath\",\"selector\":\"//button[@id='add-to-cart-sauce-labs-bike-light']\"}\n  (Session info: chrome=126.0.6478.127)","stacktrace":"\tGetHandleVerifier [0x00007FF7C417EEA2+31554]\n\t(No symbol) [0x00007FF7C40F7ED9]\n\t(No symbol) [0x00007FF7C3FB872A]\n\t(No symbol) [0x00007FF7C4008434]\n\t(No symbol) [0x00007FF7C400853C]\n\t(No symbol) [0x00007FF7C404F6A7]\n\t(No symbol) [0x00007FF7C402D06F]\n\t(No symbol) [0x00007FF7C404C977]\n\t(No symbol) [0x00007FF7C402CDD3]\n\t(No symbol) [0x00007FF7C3FFA33B]\n\t(No symbol) [0x00007FF7C3FFAED1]\n\tGetHandleVerifier [0x00007FF7C4488B1D+3217341]\n\tGetHandleVerifier [0x00007FF7C44D5AE3+3532675]\n\tGetHandleVerifier [0x00007FF7C44CB0E0+3489152]\n\tGetHandleVerifier [0x00007FF7C422E776+750614]\n\t(No symbol) [0x00007FF7C410375F]\n\t(No symbol) [0x00007FF7C40FEB14]\n\t(No symbol) [0x00007FF7C40FECA2]\n\t(No symbol) [0x00007FF7C40EE16F]\n\tBaseThreadInitThunk [0x00007FFC30CC7614+20]\n\tRtlUserThreadStart [0x00007FFC31FC26B1+33]\n"}} | headers=HTTPHeaderDict({'Content-Length': '1083', 'Content-Type': 'application/json; charset=utf-8', 'cache-control': 'no-cache'})
2024-07-06 11:49:45,855 : DEBUG : selenium.webdriver.remote.remote_connection : _request : 356 : Finished Request
2024-07-06 11:49:46,358 : DEBUG : selenium.webdriver.remote.remote_connection : _request : 313 : POST http://localhost:56041/session/67f65e2c4c78c8640d8028f5ef5b368e/element {"using": "xpath", "value": "//button[@id='add-to-cart-sauce-labs-bike-light']"}
2024-07-06 11:49:46,358 : DEBUG : urllib3.connectionpool : _make_request : 547 : http://localhost:56041 "POST /session/67f65e2c4c78c8640d8028f5ef5b368e/element HTTP/1.1" 404 0
2024-07-06 11:49:46,358 : DEBUG : selenium.webdriver.remote.remote_connection : _request : 329 : Remote response: status=404 | data={"value":{"error":"no such element","message":"no such element: Unable to locate element: {\"method\":\"xpath\",\"selector\":\"//button[@id='add-to-cart-sauce-labs-bike-light']\"}\n  (Session info: chrome=126.0.6478.127)","stacktrace":"\tGetHandleVerifier [0x00007FF7C417EEA2+31554]\n\t(No symbol) [0x00007FF7C40F7ED9]\n\t(No symbol) [0x00007FF7C3FB872A]\n\t(No symbol) [0x00007FF7C4008434]\n\t(No symbol) [0x00007FF7C400853C]\n\t(No symbol) [0x00007FF7C404F6A7]\n\t(No symbol) [0x00007FF7C402D06F]\n\t(No symbol) [0x00007FF7C404C977]\n\t(No symbol) [0x00007FF7C402CDD3]\n\t(No symbol) [0x00007FF7C3FFA33B]\n\t(No symbol) [0x00007FF7C3FFAED1]\n\tGetHandleVerifier [0x00007FF7C4488B1D+3217341]\n\tGetHandleVerifier [0x00007FF7C44D5AE3+3532675]\n\tGetHandleVerifier [0x00007FF7C44CB0E0+3489152]\n\tGetHandleVerifier [0x00007FF7C422E776+750614]\n\t(No symbol) [0x00007FF7C410375F]\n\t(No symbol) [0x00007FF7C40FEB14]\n\t(No symbol) [0x00007FF7C40FECA2]\n\t(No symbol) [0x00007FF7C40EE16F]\n\tBaseThreadInitThunk [0x00007FFC30CC7614+20]\n\tRtlUserThreadStart [0x00007FFC31FC26B1+33]\n"}} | headers=HTTPHeaderDict({'Content-Length': '1083', 'Content-Type': 'application/json; charset=utf-8', 'cache-control': 'no-cache'})
2024-07-06 11:49:46,358 : DEBUG : selenium.webdriver.remote.remote_connection : _request : 356 : Finished Request
2024-07-06 11:49:46,872 : DEBUG : selenium.webdriver.remote.remote_connection : _request : 313 : POST http://localhost:56041/session/67f65e2c4c78c8640d8028f5ef5b368e/element {"using": "xpath", "value": "//button[@id='add-to-cart-sauce-labs-bike-light']"}
2024-07-06 11:49:46,904 : DEBUG : urllib3.connectionpool : _make_request : 547 : http://localhost:56041 "POST /session/67f65e2c4c78c8640d8028f5ef5b368e/element HTTP/1.1" 404 0
2024-07-06 11:49:46,904 : DEBUG : selenium.webdriver.remote.remote_connection : _request : 329 : Remote response: status=404 | data={"value":{"error":"no such element","message":"no such element: Unable to locate element: {\"method\":\"xpath\",\"selector\":\"//button[@id='add-to-cart-sauce-labs-bike-light']\"}\n  (Session info: chrome=126.0.6478.127)","stacktrace":"\tGetHandleVerifier [0x00007FF7C417EEA2+31554]\n\t(No symbol) [0x00007FF7C40F7ED9]\n\t(No symbol) [0x00007FF7C3FB872A]\n\t(No symbol) [0x00007FF7C4008434]\n\t(No symbol) [0x00007FF7C400853C]\n\t(No symbol) [0x00007FF7C404F6A7]\n\t(No symbol) [0x00007FF7C402D06F]\n\t(No symbol) [0x00007FF7C404C977]\n\t(No symbol) [0x00007FF7C402CDD3]\n\t(No symbol) [0x00007FF7C3FFA33B]\n\t(No symbol) [0x00007FF7C3FFAED1]\n\tGetHandleVerifier [0x00007FF7C4488B1D+3217341]\n\tGetHandleVerifier [0x00007FF7C44D5AE3+3532675]\n\tGetHandleVerifier [0x00007FF7C44CB0E0+3489152]\n\tGetHandleVerifier [0x00007FF7C422E776+750614]\n\t(No symbol) [0x00007FF7C410375F]\n\t(No symbol) [0x00007FF7C40FEB14]\n\t(No symbol) [0x00007FF7C40FECA2]\n\t(No symbol) [0x00007FF7C40EE16F]\n\tBaseThreadInitThunk [0x00007FFC30CC7614+20]\n\tRtlUserThreadStart [0x00007FFC31FC26B1+33]\n"}} | headers=HTTPHeaderDict({'Content-Length': '1083', 'Content-Type': 'application/json; charset=utf-8', 'cache-control': 'no-cache'})
2024-07-06 11:49:46,904 : DEBUG : selenium.webdriver.remote.remote_connection : _request : 356 : Finished Request
2024-07-06 11:51:37,285 : DEBUG : selenium.webdriver.common.selenium_manager : get_binary : 63 : Selenium Manager binary found at: C:\Users\kiran patil\PycharmProjects\saucedemo1\venv\Lib\site-packages\selenium\webdriver\common\windows\selenium-manager.exe
2024-07-06 11:51:37,285 : DEBUG : selenium.webdriver.common.selenium_manager : run : 120 : Executing process: C:\Users\kiran patil\PycharmProjects\saucedemo1\venv\Lib\site-packages\selenium\webdriver\common\windows\selenium-manager.exe --browser chrome --debug --output json
2024-07-06 11:51:38,660 : DEBUG : selenium.webdriver.common.selenium_manager : run : 137 : Found chromedriver 126.0.6478.126 in PATH: C:\Python\Python311\Scripts\chromedriver.exe
2024-07-06 11:51:38,660 : DEBUG : selenium.webdriver.common.selenium_manager : run : 137 : chrome detected at C:\Program Files\Google\Chrome\Application\chrome.exe
2024-07-06 11:51:38,660 : DEBUG : selenium.webdriver.common.selenium_manager : run : 137 : Running command: wmic datafile where name='C:\\Program Files\\Google\\Chrome\\Application\\chrome.exe' get Version /value
2024-07-06 11:51:38,676 : DEBUG : selenium.webdriver.common.selenium_manager : run : 137 : Output: "\r\r\n\r\r\nVersion=126.0.6478.127\r\r\n\r\r\n\r\r\n\r"
2024-07-06 11:51:38,676 : DEBUG : selenium.webdriver.common.selenium_manager : run : 137 : Detected browser: chrome 126.0.6478.127
2024-07-06 11:51:38,676 : DEBUG : selenium.webdriver.common.selenium_manager : run : 137 : Required driver: chromedriver 126.0.6478.126
2024-07-06 11:51:38,676 : DEBUG : selenium.webdriver.common.selenium_manager : run : 137 : Driver path: C:\Python\Python311\Scripts\chromedriver.exe
2024-07-06 11:51:38,676 : DEBUG : selenium.webdriver.common.selenium_manager : run : 137 : Browser path: C:\Program Files\Google\Chrome\Application\chrome.exe
2024-07-06 11:51:38,676 : DEBUG : selenium.webdriver.common.selenium_manager : driver_location : 98 : Using driver at: C:\Python\Python311\Scripts\chromedriver.exe
2024-07-06 11:51:38,676 : DEBUG : selenium.webdriver.common.service : _start_process : 215 : Started executable: `C:\Python\Python311\Scripts\chromedriver.exe` in a child process with pid: 9236
2024-07-06 11:51:39,207 : DEBUG : selenium.webdriver.remote.remote_connection : _request : 313 : POST http://localhost:56071/session {"capabilities": {"firstMatch": [{}], "alwaysMatch": {"browserName": "chrome", "pageLoadStrategy": "normal", "browserVersion": null, "goog:chromeOptions": {"extensions": [], "binary": "C:\\Program Files\\Google\\Chrome\\Application\\chrome.exe", "args": []}}}}
2024-07-06 11:51:39,207 : DEBUG : urllib3.connectionpool : _new_conn : 245 : Starting new HTTP connection (1): localhost:56071
2024-07-06 11:51:40,983 : DEBUG : urllib3.connectionpool : _make_request : 547 : http://localhost:56071 "POST /session HTTP/1.1" 200 0
2024-07-06 11:51:40,983 : DEBUG : selenium.webdriver.remote.remote_connection : _request : 329 : Remote response: status=200 | data={"value":{"capabilities":{"acceptInsecureCerts":false,"browserName":"chrome","browserVersion":"126.0.6478.127","chrome":{"chromedriverVersion":"126.0.6478.126 (d36ace6122e0a59570e258d82441395206d60e1c-refs/branch-heads/6478@{#1591})","userDataDir":"C:\\Users\\KIRANP~1\\AppData\\Local\\Temp\\scoped_dir9236_1360671119"},"fedcm:accounts":true,"goog:chromeOptions":{"debuggerAddress":"localhost:56074"},"networkConnectionEnabled":false,"pageLoadStrategy":"normal","platformName":"windows","proxy":{},"setWindowRect":true,"strictFileInteractability":false,"timeouts":{"implicit":0,"pageLoad":300000,"script":30000},"unhandledPromptBehavior":"dismiss and notify","webauthn:extension:credBlob":true,"webauthn:extension:largeBlob":true,"webauthn:extension:minPinLength":true,"webauthn:extension:prf":true,"webauthn:virtualAuthenticators":true},"sessionId":"c55eba3bdade7d856723478a8db42c67"}} | headers=HTTPHeaderDict({'Content-Length': '886', 'Content-Type': 'application/json; charset=utf-8', 'cache-control': 'no-cache'})
2024-07-06 11:51:40,983 : DEBUG : selenium.webdriver.remote.remote_connection : _request : 356 : Finished Request
2024-07-06 11:51:40,998 : INFO : root : test001_AddMultiProductToCart : 14 : ******* Starting test_001_Remove_from_cart **********
2024-07-06 11:51:40,998 : DEBUG : selenium.webdriver.remote.remote_connection : _request : 313 : POST http://localhost:56071/session/c55eba3bdade7d856723478a8db42c67/url {"url": " https://www.saucedemo.com/"}
2024-07-06 11:51:50,466 : DEBUG : urllib3.connectionpool : _make_request : 547 : http://localhost:56071 "POST /session/c55eba3bdade7d856723478a8db42c67/url HTTP/1.1" 200 0
2024-07-06 11:51:50,467 : DEBUG : selenium.webdriver.remote.remote_connection : _request : 329 : Remote response: status=200 | data={"value":null} | headers=HTTPHeaderDict({'Content-Length': '14', 'Content-Type': 'application/json; charset=utf-8', 'cache-control': 'no-cache'})
2024-07-06 11:51:50,467 : DEBUG : selenium.webdriver.remote.remote_connection : _request : 356 : Finished Request
2024-07-06 11:51:50,467 : DEBUG : selenium.webdriver.remote.remote_connection : _request : 313 : POST http://localhost:56071/session/c55eba3bdade7d856723478a8db42c67/window/maximize {}
2024-07-06 11:51:50,534 : DEBUG : urllib3.connectionpool : _make_request : 547 : http://localhost:56071 "POST /session/c55eba3bdade7d856723478a8db42c67/window/maximize HTTP/1.1" 200 0
2024-07-06 11:51:50,535 : DEBUG : selenium.webdriver.remote.remote_connection : _request : 329 : Remote response: status=200 | data={"value":{"height":784,"width":1382,"x":-8,"y":-8}} | headers=HTTPHeaderDict({'Content-Length': '51', 'Content-Type': 'application/json; charset=utf-8', 'cache-control': 'no-cache'})
2024-07-06 11:51:50,535 : DEBUG : selenium.webdriver.remote.remote_connection : _request : 356 : Finished Request
2024-07-06 11:51:50,536 : DEBUG : selenium.webdriver.remote.remote_connection : _request : 313 : POST http://localhost:56071/session/c55eba3bdade7d856723478a8db42c67/element {"using": "xpath", "value": "//input[@id='user-name']"}
2024-07-06 11:51:50,563 : DEBUG : urllib3.connectionpool : _make_request : 547 : http://localhost:56071 "POST /session/c55eba3bdade7d856723478a8db42c67/element HTTP/1.1" 200 0
2024-07-06 11:51:50,563 : DEBUG : selenium.webdriver.remote.remote_connection : _request : 329 : Remote response: status=200 | data={"value":{"element-6066-11e4-a52e-4f735466cecf":"f.E887C14BBB4AA17327D5EC7A329F4FE7.d.64C524BD480F96FB75507999634A8A5D.e.3"}} | headers=HTTPHeaderDict({'Content-Length': '125', 'Content-Type': 'application/json; charset=utf-8', 'cache-control': 'no-cache'})
2024-07-06 11:51:50,563 : DEBUG : selenium.webdriver.remote.remote_connection : _request : 356 : Finished Request
2024-07-06 11:51:50,563 : DEBUG : selenium.webdriver.remote.remote_connection : _request : 313 : POST http://localhost:56071/session/c55eba3bdade7d856723478a8db42c67/element/f.E887C14BBB4AA17327D5EC7A329F4FE7.d.64C524BD480F96FB75507999634A8A5D.e.3/value {"text": "standard_user", "value": ["s", "t", "a", "n", "d", "a", "r", "d", "_", "u", "s", "e", "r"]}
2024-07-06 11:51:50,724 : DEBUG : urllib3.connectionpool : _make_request : 547 : http://localhost:56071 "POST /session/c55eba3bdade7d856723478a8db42c67/element/f.E887C14BBB4AA17327D5EC7A329F4FE7.d.64C524BD480F96FB75507999634A8A5D.e.3/value HTTP/1.1" 200 0
2024-07-06 11:51:50,724 : DEBUG : selenium.webdriver.remote.remote_connection : _request : 329 : Remote response: status=200 | data={"value":null} | headers=HTTPHeaderDict({'Content-Length': '14', 'Content-Type': 'application/json; charset=utf-8', 'cache-control': 'no-cache'})
2024-07-06 11:51:50,724 : DEBUG : selenium.webdriver.remote.remote_connection : _request : 356 : Finished Request
2024-07-06 11:51:50,724 : DEBUG : selenium.webdriver.remote.remote_connection : _request : 313 : POST http://localhost:56071/session/c55eba3bdade7d856723478a8db42c67/element {"using": "xpath", "value": "//input[@id='password']"}
2024-07-06 11:51:50,751 : DEBUG : urllib3.connectionpool : _make_request : 547 : http://localhost:56071 "POST /session/c55eba3bdade7d856723478a8db42c67/element HTTP/1.1" 200 0
2024-07-06 11:51:50,751 : DEBUG : selenium.webdriver.remote.remote_connection : _request : 329 : Remote response: status=200 | data={"value":{"element-6066-11e4-a52e-4f735466cecf":"f.E887C14BBB4AA17327D5EC7A329F4FE7.d.64C524BD480F96FB75507999634A8A5D.e.4"}} | headers=HTTPHeaderDict({'Content-Length': '125', 'Content-Type': 'application/json; charset=utf-8', 'cache-control': 'no-cache'})
2024-07-06 11:51:50,751 : DEBUG : selenium.webdriver.remote.remote_connection : _request : 356 : Finished Request
2024-07-06 11:51:50,751 : DEBUG : selenium.webdriver.remote.remote_connection : _request : 313 : POST http://localhost:56071/session/c55eba3bdade7d856723478a8db42c67/element/f.E887C14BBB4AA17327D5EC7A329F4FE7.d.64C524BD480F96FB75507999634A8A5D.e.4/value {"text": "secret_sauce", "value": ["s", "e", "c", "r", "e", "t", "_", "s", "a", "u", "c", "e"]}
2024-07-06 11:51:50,858 : DEBUG : urllib3.connectionpool : _make_request : 547 : http://localhost:56071 "POST /session/c55eba3bdade7d856723478a8db42c67/element/f.E887C14BBB4AA17327D5EC7A329F4FE7.d.64C524BD480F96FB75507999634A8A5D.e.4/value HTTP/1.1" 200 0
2024-07-06 11:51:50,858 : DEBUG : selenium.webdriver.remote.remote_connection : _request : 329 : Remote response: status=200 | data={"value":null} | headers=HTTPHeaderDict({'Content-Length': '14', 'Content-Type': 'application/json; charset=utf-8', 'cache-control': 'no-cache'})
2024-07-06 11:51:50,858 : DEBUG : selenium.webdriver.remote.remote_connection : _request : 356 : Finished Request
2024-07-06 11:51:50,858 : DEBUG : selenium.webdriver.remote.remote_connection : _request : 313 : POST http://localhost:56071/session/c55eba3bdade7d856723478a8db42c67/element {"using": "xpath", "value": "//input[@id='login-button']"}
2024-07-06 11:51:50,874 : DEBUG : urllib3.connectionpool : _make_request : 547 : http://localhost:56071 "POST /session/c55eba3bdade7d856723478a8db42c67/element HTTP/1.1" 200 0
2024-07-06 11:51:50,874 : DEBUG : selenium.webdriver.remote.remote_connection : _request : 329 : Remote response: status=200 | data={"value":{"element-6066-11e4-a52e-4f735466cecf":"f.E887C14BBB4AA17327D5EC7A329F4FE7.d.64C524BD480F96FB75507999634A8A5D.e.5"}} | headers=HTTPHeaderDict({'Content-Length': '125', 'Content-Type': 'application/json; charset=utf-8', 'cache-control': 'no-cache'})
2024-07-06 11:51:50,874 : DEBUG : selenium.webdriver.remote.remote_connection : _request : 356 : Finished Request
2024-07-06 11:51:50,874 : DEBUG : selenium.webdriver.remote.remote_connection : _request : 313 : POST http://localhost:56071/session/c55eba3bdade7d856723478a8db42c67/element/f.E887C14BBB4AA17327D5EC7A329F4FE7.d.64C524BD480F96FB75507999634A8A5D.e.5/click {}
2024-07-06 11:51:51,017 : DEBUG : urllib3.connectionpool : _make_request : 547 : http://localhost:56071 "POST /session/c55eba3bdade7d856723478a8db42c67/element/f.E887C14BBB4AA17327D5EC7A329F4FE7.d.64C524BD480F96FB75507999634A8A5D.e.5/click HTTP/1.1" 200 0
2024-07-06 11:51:51,018 : DEBUG : selenium.webdriver.remote.remote_connection : _request : 329 : Remote response: status=200 | data={"value":null} | headers=HTTPHeaderDict({'Content-Length': '14', 'Content-Type': 'application/json; charset=utf-8', 'cache-control': 'no-cache'})
2024-07-06 11:51:51,018 : DEBUG : selenium.webdriver.remote.remote_connection : _request : 356 : Finished Request
2024-07-06 11:51:51,019 : DEBUG : selenium.webdriver.remote.remote_connection : _request : 313 : POST http://localhost:56071/session/c55eba3bdade7d856723478a8db42c67/element {"using": "xpath", "value": "//div[normalize-space()='Sauce Labs Bike Light']"}
2024-07-06 11:51:51,046 : DEBUG : urllib3.connectionpool : _make_request : 547 : http://localhost:56071 "POST /session/c55eba3bdade7d856723478a8db42c67/element HTTP/1.1" 200 0
2024-07-06 11:51:51,047 : DEBUG : selenium.webdriver.remote.remote_connection : _request : 329 : Remote response: status=200 | data={"value":{"element-6066-11e4-a52e-4f735466cecf":"f.E887C14BBB4AA17327D5EC7A329F4FE7.d.64C524BD480F96FB75507999634A8A5D.e.20"}} | headers=HTTPHeaderDict({'Content-Length': '126', 'Content-Type': 'application/json; charset=utf-8', 'cache-control': 'no-cache'})
2024-07-06 11:51:51,047 : DEBUG : selenium.webdriver.remote.remote_connection : _request : 356 : Finished Request
2024-07-06 11:51:51,047 : DEBUG : selenium.webdriver.remote.remote_connection : _request : 313 : POST http://localhost:56071/session/c55eba3bdade7d856723478a8db42c67/element/f.E887C14BBB4AA17327D5EC7A329F4FE7.d.64C524BD480F96FB75507999634A8A5D.e.20/click {}
2024-07-06 11:51:51,136 : DEBUG : urllib3.connectionpool : _make_request : 547 : http://localhost:56071 "POST /session/c55eba3bdade7d856723478a8db42c67/element/f.E887C14BBB4AA17327D5EC7A329F4FE7.d.64C524BD480F96FB75507999634A8A5D.e.20/click HTTP/1.1" 200 0
2024-07-06 11:51:51,137 : DEBUG : selenium.webdriver.remote.remote_connection : _request : 329 : Remote response: status=200 | data={"value":null} | headers=HTTPHeaderDict({'Content-Length': '14', 'Content-Type': 'application/json; charset=utf-8', 'cache-control': 'no-cache'})
2024-07-06 11:51:51,137 : DEBUG : selenium.webdriver.remote.remote_connection : _request : 356 : Finished Request
2024-07-06 11:51:53,138 : DEBUG : selenium.webdriver.remote.remote_connection : _request : 313 : POST http://localhost:56071/session/c55eba3bdade7d856723478a8db42c67/element {"using": "xpath", "value": "//button[@id='add-to-cart-sauce-labs-bike-light']"}
2024-07-06 11:51:53,169 : DEBUG : urllib3.connectionpool : _make_request : 547 : http://localhost:56071 "POST /session/c55eba3bdade7d856723478a8db42c67/element HTTP/1.1" 404 0
2024-07-06 11:51:53,169 : DEBUG : selenium.webdriver.remote.remote_connection : _request : 329 : Remote response: status=404 | data={"value":{"error":"no such element","message":"no such element: Unable to locate element: {\"method\":\"xpath\",\"selector\":\"//button[@id='add-to-cart-sauce-labs-bike-light']\"}\n  (Session info: chrome=126.0.6478.127)","stacktrace":"\tGetHandleVerifier [0x00007FF7C417EEA2+31554]\n\t(No symbol) [0x00007FF7C40F7ED9]\n\t(No symbol) [0x00007FF7C3FB872A]\n\t(No symbol) [0x00007FF7C4008434]\n\t(No symbol) [0x00007FF7C400853C]\n\t(No symbol) [0x00007FF7C404F6A7]\n\t(No symbol) [0x00007FF7C402D06F]\n\t(No symbol) [0x00007FF7C404C977]\n\t(No symbol) [0x00007FF7C402CDD3]\n\t(No symbol) [0x00007FF7C3FFA33B]\n\t(No symbol) [0x00007FF7C3FFAED1]\n\tGetHandleVerifier [0x00007FF7C4488B1D+3217341]\n\tGetHandleVerifier [0x00007FF7C44D5AE3+3532675]\n\tGetHandleVerifier [0x00007FF7C44CB0E0+3489152]\n\tGetHandleVerifier [0x00007FF7C422E776+750614]\n\t(No symbol) [0x00007FF7C410375F]\n\t(No symbol) [0x00007FF7C40FEB14]\n\t(No symbol) [0x00007FF7C40FECA2]\n\t(No symbol) [0x00007FF7C40EE16F]\n\tBaseThreadInitThunk [0x00007FFC30CC7614+20]\n\tRtlUserThreadStart [0x00007FFC31FC26B1+33]\n"}} | headers=HTTPHeaderDict({'Content-Length': '1083', 'Content-Type': 'application/json; charset=utf-8', 'cache-control': 'no-cache'})
2024-07-06 11:51:53,169 : DEBUG : selenium.webdriver.remote.remote_connection : _request : 356 : Finished Request
2024-07-06 11:51:53,685 : DEBUG : selenium.webdriver.remote.remote_connection : _request : 313 : POST http://localhost:56071/session/c55eba3bdade7d856723478a8db42c67/element {"using": "xpath", "value": "//button[@id='add-to-cart-sauce-labs-bike-light']"}
2024-07-06 11:51:53,685 : DEBUG : urllib3.connectionpool : _make_request : 547 : http://localhost:56071 "POST /session/c55eba3bdade7d856723478a8db42c67/element HTTP/1.1" 404 0
2024-07-06 11:51:53,700 : DEBUG : selenium.webdriver.remote.remote_connection : _request : 329 : Remote response: status=404 | data={"value":{"error":"no such element","message":"no such element: Unable to locate element: {\"method\":\"xpath\",\"selector\":\"//button[@id='add-to-cart-sauce-labs-bike-light']\"}\n  (Session info: chrome=126.0.6478.127)","stacktrace":"\tGetHandleVerifier [0x00007FF7C417EEA2+31554]\n\t(No symbol) [0x00007FF7C40F7ED9]\n\t(No symbol) [0x00007FF7C3FB872A]\n\t(No symbol) [0x00007FF7C4008434]\n\t(No symbol) [0x00007FF7C400853C]\n\t(No symbol) [0x00007FF7C404F6A7]\n\t(No symbol) [0x00007FF7C402D06F]\n\t(No symbol) [0x00007FF7C404C977]\n\t(No symbol) [0x00007FF7C402CDD3]\n\t(No symbol) [0x00007FF7C3FFA33B]\n\t(No symbol) [0x00007FF7C3FFAED1]\n\tGetHandleVerifier [0x00007FF7C4488B1D+3217341]\n\tGetHandleVerifier [0x00007FF7C44D5AE3+3532675]\n\tGetHandleVerifier [0x00007FF7C44CB0E0+3489152]\n\tGetHandleVerifier [0x00007FF7C422E776+750614]\n\t(No symbol) [0x00007FF7C410375F]\n\t(No symbol) [0x00007FF7C40FEB14]\n\t(No symbol) [0x00007FF7C40FECA2]\n\t(No symbol) [0x00007FF7C40EE16F]\n\tBaseThreadInitThunk [0x00007FFC30CC7614+20]\n\tRtlUserThreadStart [0x00007FFC31FC26B1+33]\n"}} | headers=HTTPHeaderDict({'Content-Length': '1083', 'Content-Type': 'application/json; charset=utf-8', 'cache-control': 'no-cache'})
2024-07-06 11:51:53,700 : DEBUG : selenium.webdriver.remote.remote_connection : _request : 356 : Finished Request
2024-07-06 11:51:54,202 : DEBUG : selenium.webdriver.remote.remote_connection : _request : 313 : POST http://localhost:56071/session/c55eba3bdade7d856723478a8db42c67/element {"using": "xpath", "value": "//button[@id='add-to-cart-sauce-labs-bike-light']"}
2024-07-06 11:51:54,217 : DEBUG : urllib3.connectionpool : _make_request : 547 : http://localhost:56071 "POST /session/c55eba3bdade7d856723478a8db42c67/element HTTP/1.1" 404 0
2024-07-06 11:51:54,217 : DEBUG : selenium.webdriver.remote.remote_connection : _request : 329 : Remote response: status=404 | data={"value":{"error":"no such element","message":"no such element: Unable to locate element: {\"method\":\"xpath\",\"selector\":\"//button[@id='add-to-cart-sauce-labs-bike-light']\"}\n  (Session info: chrome=126.0.6478.127)","stacktrace":"\tGetHandleVerifier [0x00007FF7C417EEA2+31554]\n\t(No symbol) [0x00007FF7C40F7ED9]\n\t(No symbol) [0x00007FF7C3FB872A]\n\t(No symbol) [0x00007FF7C4008434]\n\t(No symbol) [0x00007FF7C400853C]\n\t(No symbol) [0x00007FF7C404F6A7]\n\t(No symbol) [0x00007FF7C402D06F]\n\t(No symbol) [0x00007FF7C404C977]\n\t(No symbol) [0x00007FF7C402CDD3]\n\t(No symbol) [0x00007FF7C3FFA33B]\n\t(No symbol) [0x00007FF7C3FFAED1]\n\tGetHandleVerifier [0x00007FF7C4488B1D+3217341]\n\tGetHandleVerifier [0x00007FF7C44D5AE3+3532675]\n\tGetHandleVerifier [0x00007FF7C44CB0E0+3489152]\n\tGetHandleVerifier [0x00007FF7C422E776+750614]\n\t(No symbol) [0x00007FF7C410375F]\n\t(No symbol) [0x00007FF7C40FEB14]\n\t(No symbol) [0x00007FF7C40FECA2]\n\t(No symbol) [0x00007FF7C40EE16F]\n\tBaseThreadInitThunk [0x00007FFC30CC7614+20]\n\tRtlUserThreadStart [0x00007FFC31FC26B1+33]\n"}} | headers=HTTPHeaderDict({'Content-Length': '1083', 'Content-Type': 'application/json; charset=utf-8', 'cache-control': 'no-cache'})
2024-07-06 11:51:54,217 : DEBUG : selenium.webdriver.remote.remote_connection : _request : 356 : Finished Request
2024-07-06 11:51:54,729 : DEBUG : selenium.webdriver.remote.remote_connection : _request : 313 : POST http://localhost:56071/session/c55eba3bdade7d856723478a8db42c67/element {"using": "xpath", "value": "//button[@id='add-to-cart-sauce-labs-bike-light']"}
2024-07-06 11:51:54,729 : DEBUG : urllib3.connectionpool : _make_request : 547 : http://localhost:56071 "POST /session/c55eba3bdade7d856723478a8db42c67/element HTTP/1.1" 404 0
2024-07-06 11:51:54,729 : DEBUG : selenium.webdriver.remote.remote_connection : _request : 329 : Remote response: status=404 | data={"value":{"error":"no such element","message":"no such element: Unable to locate element: {\"method\":\"xpath\",\"selector\":\"//button[@id='add-to-cart-sauce-labs-bike-light']\"}\n  (Session info: chrome=126.0.6478.127)","stacktrace":"\tGetHandleVerifier [0x00007FF7C417EEA2+31554]\n\t(No symbol) [0x00007FF7C40F7ED9]\n\t(No symbol) [0x00007FF7C3FB872A]\n\t(No symbol) [0x00007FF7C4008434]\n\t(No symbol) [0x00007FF7C400853C]\n\t(No symbol) [0x00007FF7C404F6A7]\n\t(No symbol) [0x00007FF7C402D06F]\n\t(No symbol) [0x00007FF7C404C977]\n\t(No symbol) [0x00007FF7C402CDD3]\n\t(No symbol) [0x00007FF7C3FFA33B]\n\t(No symbol) [0x00007FF7C3FFAED1]\n\tGetHandleVerifier [0x00007FF7C4488B1D+3217341]\n\tGetHandleVerifier [0x00007FF7C44D5AE3+3532675]\n\tGetHandleVerifier [0x00007FF7C44CB0E0+3489152]\n\tGetHandleVerifier [0x00007FF7C422E776+750614]\n\t(No symbol) [0x00007FF7C410375F]\n\t(No symbol) [0x00007FF7C40FEB14]\n\t(No symbol) [0x00007FF7C40FECA2]\n\t(No symbol) [0x00007FF7C40EE16F]\n\tBaseThreadInitThunk [0x00007FFC30CC7614+20]\n\tRtlUserThreadStart [0x00007FFC31FC26B1+33]\n"}} | headers=HTTPHeaderDict({'Content-Length': '1083', 'Content-Type': 'application/json; charset=utf-8', 'cache-control': 'no-cache'})
2024-07-06 11:51:54,729 : DEBUG : selenium.webdriver.remote.remote_connection : _request : 356 : Finished Request
2024-07-06 11:51:55,243 : DEBUG : selenium.webdriver.remote.remote_connection : _request : 313 : POST http://localhost:56071/session/c55eba3bdade7d856723478a8db42c67/element {"using": "xpath", "value": "//button[@id='add-to-cart-sauce-labs-bike-light']"}
2024-07-06 11:51:55,259 : DEBUG : urllib3.connectionpool : _make_request : 547 : http://localhost:56071 "POST /session/c55eba3bdade7d856723478a8db42c67/element HTTP/1.1" 404 0
2024-07-06 11:51:55,259 : DEBUG : selenium.webdriver.remote.remote_connection : _request : 329 : Remote response: status=404 | data={"value":{"error":"no such element","message":"no such element: Unable to locate element: {\"method\":\"xpath\",\"selector\":\"//button[@id='add-to-cart-sauce-labs-bike-light']\"}\n  (Session info: chrome=126.0.6478.127)","stacktrace":"\tGetHandleVerifier [0x00007FF7C417EEA2+31554]\n\t(No symbol) [0x00007FF7C40F7ED9]\n\t(No symbol) [0x00007FF7C3FB872A]\n\t(No symbol) [0x00007FF7C4008434]\n\t(No symbol) [0x00007FF7C400853C]\n\t(No symbol) [0x00007FF7C404F6A7]\n\t(No symbol) [0x00007FF7C402D06F]\n\t(No symbol) [0x00007FF7C404C977]\n\t(No symbol) [0x00007FF7C402CDD3]\n\t(No symbol) [0x00007FF7C3FFA33B]\n\t(No symbol) [0x00007FF7C3FFAED1]\n\tGetHandleVerifier [0x00007FF7C4488B1D+3217341]\n\tGetHandleVerifier [0x00007FF7C44D5AE3+3532675]\n\tGetHandleVerifier [0x00007FF7C44CB0E0+3489152]\n\tGetHandleVerifier [0x00007FF7C422E776+750614]\n\t(No symbol) [0x00007FF7C410375F]\n\t(No symbol) [0x00007FF7C40FEB14]\n\t(No symbol) [0x00007FF7C40FECA2]\n\t(No symbol) [0x00007FF7C40EE16F]\n\tBaseThreadInitThunk [0x00007FFC30CC7614+20]\n\tRtlUserThreadStart [0x00007FFC31FC26B1+33]\n"}} | headers=HTTPHeaderDict({'Content-Length': '1083', 'Content-Type': 'application/json; charset=utf-8', 'cache-control': 'no-cache'})
2024-07-06 11:51:55,259 : DEBUG : selenium.webdriver.remote.remote_connection : _request : 356 : Finished Request
2024-07-06 11:51:55,766 : DEBUG : selenium.webdriver.remote.remote_connection : _request : 313 : POST http://localhost:56071/session/c55eba3bdade7d856723478a8db42c67/element {"using": "xpath", "value": "//button[@id='add-to-cart-sauce-labs-bike-light']"}
2024-07-06 11:51:55,781 : DEBUG : urllib3.connectionpool : _make_request : 547 : http://localhost:56071 "POST /session/c55eba3bdade7d856723478a8db42c67/element HTTP/1.1" 404 0
2024-07-06 11:51:55,781 : DEBUG : selenium.webdriver.remote.remote_connection : _request : 329 : Remote response: status=404 | data={"value":{"error":"no such element","message":"no such element: Unable to locate element: {\"method\":\"xpath\",\"selector\":\"//button[@id='add-to-cart-sauce-labs-bike-light']\"}\n  (Session info: chrome=126.0.6478.127)","stacktrace":"\tGetHandleVerifier [0x00007FF7C417EEA2+31554]\n\t(No symbol) [0x00007FF7C40F7ED9]\n\t(No symbol) [0x00007FF7C3FB872A]\n\t(No symbol) [0x00007FF7C4008434]\n\t(No symbol) [0x00007FF7C400853C]\n\t(No symbol) [0x00007FF7C404F6A7]\n\t(No symbol) [0x00007FF7C402D06F]\n\t(No symbol) [0x00007FF7C404C977]\n\t(No symbol) [0x00007FF7C402CDD3]\n\t(No symbol) [0x00007FF7C3FFA33B]\n\t(No symbol) [0x00007FF7C3FFAED1]\n\tGetHandleVerifier [0x00007FF7C4488B1D+3217341]\n\tGetHandleVerifier [0x00007FF7C44D5AE3+3532675]\n\tGetHandleVerifier [0x00007FF7C44CB0E0+3489152]\n\tGetHandleVerifier [0x00007FF7C422E776+750614]\n\t(No symbol) [0x00007FF7C410375F]\n\t(No symbol) [0x00007FF7C40FEB14]\n\t(No symbol) [0x00007FF7C40FECA2]\n\t(No symbol) [0x00007FF7C40EE16F]\n\tBaseThreadInitThunk [0x00007FFC30CC7614+20]\n\tRtlUserThreadStart [0x00007FFC31FC26B1+33]\n"}} | headers=HTTPHeaderDict({'Content-Length': '1083', 'Content-Type': 'application/json; charset=utf-8', 'cache-control': 'no-cache'})
2024-07-06 11:51:55,781 : DEBUG : selenium.webdriver.remote.remote_connection : _request : 356 : Finished Request
2024-07-06 11:51:56,289 : DEBUG : selenium.webdriver.remote.remote_connection : _request : 313 : POST http://localhost:56071/session/c55eba3bdade7d856723478a8db42c67/element {"using": "xpath", "value": "//button[@id='add-to-cart-sauce-labs-bike-light']"}
2024-07-06 11:51:56,320 : DEBUG : urllib3.connectionpool : _make_request : 547 : http://localhost:56071 "POST /session/c55eba3bdade7d856723478a8db42c67/element HTTP/1.1" 404 0
2024-07-06 11:51:56,320 : DEBUG : selenium.webdriver.remote.remote_connection : _request : 329 : Remote response: status=404 | data={"value":{"error":"no such element","message":"no such element: Unable to locate element: {\"method\":\"xpath\",\"selector\":\"//button[@id='add-to-cart-sauce-labs-bike-light']\"}\n  (Session info: chrome=126.0.6478.127)","stacktrace":"\tGetHandleVerifier [0x00007FF7C417EEA2+31554]\n\t(No symbol) [0x00007FF7C40F7ED9]\n\t(No symbol) [0x00007FF7C3FB872A]\n\t(No symbol) [0x00007FF7C4008434]\n\t(No symbol) [0x00007FF7C400853C]\n\t(No symbol) [0x00007FF7C404F6A7]\n\t(No symbol) [0x00007FF7C402D06F]\n\t(No symbol) [0x00007FF7C404C977]\n\t(No symbol) [0x00007FF7C402CDD3]\n\t(No symbol) [0x00007FF7C3FFA33B]\n\t(No symbol) [0x00007FF7C3FFAED1]\n\tGetHandleVerifier [0x00007FF7C4488B1D+3217341]\n\tGetHandleVerifier [0x00007FF7C44D5AE3+3532675]\n\tGetHandleVerifier [0x00007FF7C44CB0E0+3489152]\n\tGetHandleVerifier [0x00007FF7C422E776+750614]\n\t(No symbol) [0x00007FF7C410375F]\n\t(No symbol) [0x00007FF7C40FEB14]\n\t(No symbol) [0x00007FF7C40FECA2]\n\t(No symbol) [0x00007FF7C40EE16F]\n\tBaseThreadInitThunk [0x00007FFC30CC7614+20]\n\tRtlUserThreadStart [0x00007FFC31FC26B1+33]\n"}} | headers=HTTPHeaderDict({'Content-Length': '1083', 'Content-Type': 'application/json; charset=utf-8', 'cache-control': 'no-cache'})
2024-07-06 11:51:56,320 : DEBUG : selenium.webdriver.remote.remote_connection : _request : 356 : Finished Request
2024-07-06 11:51:56,830 : DEBUG : selenium.webdriver.remote.remote_connection : _request : 313 : POST http://localhost:56071/session/c55eba3bdade7d856723478a8db42c67/element {"using": "xpath", "value": "//button[@id='add-to-cart-sauce-labs-bike-light']"}
2024-07-06 11:51:56,846 : DEBUG : urllib3.connectionpool : _make_request : 547 : http://localhost:56071 "POST /session/c55eba3bdade7d856723478a8db42c67/element HTTP/1.1" 404 0
2024-07-06 11:51:56,846 : DEBUG : selenium.webdriver.remote.remote_connection : _request : 329 : Remote response: status=404 | data={"value":{"error":"no such element","message":"no such element: Unable to locate element: {\"method\":\"xpath\",\"selector\":\"//button[@id='add-to-cart-sauce-labs-bike-light']\"}\n  (Session info: chrome=126.0.6478.127)","stacktrace":"\tGetHandleVerifier [0x00007FF7C417EEA2+31554]\n\t(No symbol) [0x00007FF7C40F7ED9]\n\t(No symbol) [0x00007FF7C3FB872A]\n\t(No symbol) [0x00007FF7C4008434]\n\t(No symbol) [0x00007FF7C400853C]\n\t(No symbol) [0x00007FF7C404F6A7]\n\t(No symbol) [0x00007FF7C402D06F]\n\t(No symbol) [0x00007FF7C404C977]\n\t(No symbol) [0x00007FF7C402CDD3]\n\t(No symbol) [0x00007FF7C3FFA33B]\n\t(No symbol) [0x00007FF7C3FFAED1]\n\tGetHandleVerifier [0x00007FF7C4488B1D+3217341]\n\tGetHandleVerifier [0x00007FF7C44D5AE3+3532675]\n\tGetHandleVerifier [0x00007FF7C44CB0E0+3489152]\n\tGetHandleVerifier [0x00007FF7C422E776+750614]\n\t(No symbol) [0x00007FF7C410375F]\n\t(No symbol) [0x00007FF7C40FEB14]\n\t(No symbol) [0x00007FF7C40FECA2]\n\t(No symbol) [0x00007FF7C40EE16F]\n\tBaseThreadInitThunk [0x00007FFC30CC7614+20]\n\tRtlUserThreadStart [0x00007FFC31FC26B1+33]\n"}} | headers=HTTPHeaderDict({'Content-Length': '1083', 'Content-Type': 'application/json; charset=utf-8', 'cache-control': 'no-cache'})
2024-07-06 11:51:56,846 : DEBUG : selenium.webdriver.remote.remote_connection : _request : 356 : Finished Request
2024-07-06 11:51:57,351 : DEBUG : selenium.webdriver.remote.remote_connection : _request : 313 : POST http://localhost:56071/session/c55eba3bdade7d856723478a8db42c67/element {"using": "xpath", "value": "//button[@id='add-to-cart-sauce-labs-bike-light']"}
2024-07-06 11:51:57,382 : DEBUG : urllib3.connectionpool : _make_request : 547 : http://localhost:56071 "POST /session/c55eba3bdade7d856723478a8db42c67/element HTTP/1.1" 404 0
2024-07-06 11:51:57,382 : DEBUG : selenium.webdriver.remote.remote_connection : _request : 329 : Remote response: status=404 | data={"value":{"error":"no such element","message":"no such element: Unable to locate element: {\"method\":\"xpath\",\"selector\":\"//button[@id='add-to-cart-sauce-labs-bike-light']\"}\n  (Session info: chrome=126.0.6478.127)","stacktrace":"\tGetHandleVerifier [0x00007FF7C417EEA2+31554]\n\t(No symbol) [0x00007FF7C40F7ED9]\n\t(No symbol) [0x00007FF7C3FB872A]\n\t(No symbol) [0x00007FF7C4008434]\n\t(No symbol) [0x00007FF7C400853C]\n\t(No symbol) [0x00007FF7C404F6A7]\n\t(No symbol) [0x00007FF7C402D06F]\n\t(No symbol) [0x00007FF7C404C977]\n\t(No symbol) [0x00007FF7C402CDD3]\n\t(No symbol) [0x00007FF7C3FFA33B]\n\t(No symbol) [0x00007FF7C3FFAED1]\n\tGetHandleVerifier [0x00007FF7C4488B1D+3217341]\n\tGetHandleVerifier [0x00007FF7C44D5AE3+3532675]\n\tGetHandleVerifier [0x00007FF7C44CB0E0+3489152]\n\tGetHandleVerifier [0x00007FF7C422E776+750614]\n\t(No symbol) [0x00007FF7C410375F]\n\t(No symbol) [0x00007FF7C40FEB14]\n\t(No symbol) [0x00007FF7C40FECA2]\n\t(No symbol) [0x00007FF7C40EE16F]\n\tBaseThreadInitThunk [0x00007FFC30CC7614+20]\n\tRtlUserThreadStart [0x00007FFC31FC26B1+33]\n"}} | headers=HTTPHeaderDict({'Content-Length': '1083', 'Content-Type': 'application/json; charset=utf-8', 'cache-control': 'no-cache'})
2024-07-06 11:51:57,382 : DEBUG : selenium.webdriver.remote.remote_connection : _request : 356 : Finished Request
2024-07-06 11:51:57,887 : DEBUG : selenium.webdriver.remote.remote_connection : _request : 313 : POST http://localhost:56071/session/c55eba3bdade7d856723478a8db42c67/element {"using": "xpath", "value": "//button[@id='add-to-cart-sauce-labs-bike-light']"}
2024-07-06 11:51:57,887 : DEBUG : urllib3.connectionpool : _make_request : 547 : http://localhost:56071 "POST /session/c55eba3bdade7d856723478a8db42c67/element HTTP/1.1" 404 0
2024-07-06 11:51:57,887 : DEBUG : selenium.webdriver.remote.remote_connection : _request : 329 : Remote response: status=404 | data={"value":{"error":"no such element","message":"no such element: Unable to locate element: {\"method\":\"xpath\",\"selector\":\"//button[@id='add-to-cart-sauce-labs-bike-light']\"}\n  (Session info: chrome=126.0.6478.127)","stacktrace":"\tGetHandleVerifier [0x00007FF7C417EEA2+31554]\n\t(No symbol) [0x00007FF7C40F7ED9]\n\t(No symbol) [0x00007FF7C3FB872A]\n\t(No symbol) [0x00007FF7C4008434]\n\t(No symbol) [0x00007FF7C400853C]\n\t(No symbol) [0x00007FF7C404F6A7]\n\t(No symbol) [0x00007FF7C402D06F]\n\t(No symbol) [0x00007FF7C404C977]\n\t(No symbol) [0x00007FF7C402CDD3]\n\t(No symbol) [0x00007FF7C3FFA33B]\n\t(No symbol) [0x00007FF7C3FFAED1]\n\tGetHandleVerifier [0x00007FF7C4488B1D+3217341]\n\tGetHandleVerifier [0x00007FF7C44D5AE3+3532675]\n\tGetHandleVerifier [0x00007FF7C44CB0E0+3489152]\n\tGetHandleVerifier [0x00007FF7C422E776+750614]\n\t(No symbol) [0x00007FF7C410375F]\n\t(No symbol) [0x00007FF7C40FEB14]\n\t(No symbol) [0x00007FF7C40FECA2]\n\t(No symbol) [0x00007FF7C40EE16F]\n\tBaseThreadInitThunk [0x00007FFC30CC7614+20]\n\tRtlUserThreadStart [0x00007FFC31FC26B1+33]\n"}} | headers=HTTPHeaderDict({'Content-Length': '1083', 'Content-Type': 'application/json; charset=utf-8', 'cache-control': 'no-cache'})
2024-07-06 11:51:57,887 : DEBUG : selenium.webdriver.remote.remote_connection : _request : 356 : Finished Request
2024-07-06 13:16:06,603 : DEBUG : selenium.webdriver.common.selenium_manager : get_binary : 63 : Selenium Manager binary found at: C:\Users\kiran patil\PycharmProjects\saucedemo1\venv\Lib\site-packages\selenium\webdriver\common\windows\selenium-manager.exe
2024-07-06 13:16:06,603 : DEBUG : selenium.webdriver.common.selenium_manager : run : 120 : Executing process: C:\Users\kiran patil\PycharmProjects\saucedemo1\venv\Lib\site-packages\selenium\webdriver\common\windows\selenium-manager.exe --browser chrome --debug --output json
2024-07-06 13:16:08,182 : DEBUG : selenium.webdriver.common.selenium_manager : run : 137 : Found chromedriver 126.0.6478.126 in PATH: C:\Python\Python311\Scripts\chromedriver.exe
2024-07-06 13:16:08,182 : DEBUG : selenium.webdriver.common.selenium_manager : run : 137 : chrome detected at C:\Program Files\Google\Chrome\Application\chrome.exe
2024-07-06 13:16:08,182 : DEBUG : selenium.webdriver.common.selenium_manager : run : 137 : Running command: wmic datafile where name='C:\\Program Files\\Google\\Chrome\\Application\\chrome.exe' get Version /value
2024-07-06 13:16:08,182 : DEBUG : selenium.webdriver.common.selenium_manager : run : 137 : Output: "\r\r\n\r\r\nVersion=126.0.6478.127\r\r\n\r\r\n\r\r\n\r"
2024-07-06 13:16:08,182 : DEBUG : selenium.webdriver.common.selenium_manager : run : 137 : Detected browser: chrome 126.0.6478.127
2024-07-06 13:16:08,182 : DEBUG : selenium.webdriver.common.selenium_manager : run : 137 : Discovering versions from https://googlechromelabs.github.io/chrome-for-testing/known-good-versions-with-downloads.json
2024-07-06 13:16:08,182 : WARNING : selenium.webdriver.common.selenium_manager : run : 135 : Exception managing chrome: error sending request for url (https://googlechromelabs.github.io/chrome-for-testing/known-good-versions-with-downloads.json): error trying to connect: dns error: No such host is known. (os error 11001)
2024-07-06 13:16:08,182 : DEBUG : selenium.webdriver.common.selenium_manager : run : 137 : Driver path: C:\Python\Python311\Scripts\chromedriver.exe
2024-07-06 13:16:08,182 : DEBUG : selenium.webdriver.common.selenium_manager : run : 137 : Browser path: C:\Program Files\Google\Chrome\Application\chrome.exe
2024-07-06 13:16:08,182 : DEBUG : selenium.webdriver.common.selenium_manager : driver_location : 98 : Using driver at: C:\Python\Python311\Scripts\chromedriver.exe
2024-07-06 13:16:08,197 : DEBUG : selenium.webdriver.common.service : _start_process : 215 : Started executable: `C:\Python\Python311\Scripts\chromedriver.exe` in a child process with pid: 13708
2024-07-06 13:16:08,728 : DEBUG : selenium.webdriver.remote.remote_connection : _request : 313 : POST http://localhost:56170/session {"capabilities": {"firstMatch": [{}], "alwaysMatch": {"browserName": "chrome", "pageLoadStrategy": "normal", "browserVersion": null, "goog:chromeOptions": {"extensions": [], "binary": "C:\\Program Files\\Google\\Chrome\\Application\\chrome.exe", "args": []}}}}
2024-07-06 13:16:08,728 : DEBUG : urllib3.connectionpool : _new_conn : 245 : Starting new HTTP connection (1): localhost:56170
2024-07-06 13:16:10,531 : DEBUG : urllib3.connectionpool : _make_request : 547 : http://localhost:56170 "POST /session HTTP/1.1" 200 0
2024-07-06 13:16:10,539 : DEBUG : selenium.webdriver.remote.remote_connection : _request : 329 : Remote response: status=200 | data={"value":{"capabilities":{"acceptInsecureCerts":false,"browserName":"chrome","browserVersion":"126.0.6478.127","chrome":{"chromedriverVersion":"126.0.6478.126 (d36ace6122e0a59570e258d82441395206d60e1c-refs/branch-heads/6478@{#1591})","userDataDir":"C:\\Users\\KIRANP~1\\AppData\\Local\\Temp\\scoped_dir13708_102850100"},"fedcm:accounts":true,"goog:chromeOptions":{"debuggerAddress":"localhost:56173"},"networkConnectionEnabled":false,"pageLoadStrategy":"normal","platformName":"windows","proxy":{},"setWindowRect":true,"strictFileInteractability":false,"timeouts":{"implicit":0,"pageLoad":300000,"script":30000},"unhandledPromptBehavior":"dismiss and notify","webauthn:extension:credBlob":true,"webauthn:extension:largeBlob":true,"webauthn:extension:minPinLength":true,"webauthn:extension:prf":true,"webauthn:virtualAuthenticators":true},"sessionId":"ff8f2d32acc3cf705d788d048c40d060"}} | headers=HTTPHeaderDict({'Content-Length': '886', 'Content-Type': 'application/json; charset=utf-8', 'cache-control': 'no-cache'})
2024-07-06 13:16:10,539 : DEBUG : selenium.webdriver.remote.remote_connection : _request : 356 : Finished Request
2024-07-06 13:16:10,556 : INFO : root : test001_AddMultiProductToCart : 14 : ******* Starting test_001_Remove_from_cart **********
2024-07-06 13:16:10,556 : DEBUG : selenium.webdriver.remote.remote_connection : _request : 313 : POST http://localhost:56170/session/ff8f2d32acc3cf705d788d048c40d060/url {"url": " https://www.saucedemo.com/"}
2024-07-06 13:16:21,829 : DEBUG : urllib3.connectionpool : _make_request : 547 : http://localhost:56170 "POST /session/ff8f2d32acc3cf705d788d048c40d060/url HTTP/1.1" 500 0
2024-07-06 13:16:21,829 : DEBUG : selenium.webdriver.remote.remote_connection : _request : 329 : Remote response: status=500 | data={"value":{"error":"unknown error","message":"unknown error: net::ERR_INTERNET_DISCONNECTED\n  (Session info: chrome=126.0.6478.127)","stacktrace":"\tGetHandleVerifier [0x00007FF7C417EEA2+31554]\n\t(No symbol) [0x00007FF7C40F7ED9]\n\t(No symbol) [0x00007FF7C3FB872A]\n\t(No symbol) [0x00007FF7C3FB0782]\n\t(No symbol) [0x00007FF7C3FA1294]\n\t(No symbol) [0x00007FF7C3FA2B02]\n\t(No symbol) [0x00007FF7C3FA15C1]\n\t(No symbol) [0x00007FF7C3FA0DA1]\n\t(No symbol) [0x00007FF7C3FA0CE0]\n\t(No symbol) [0x00007FF7C3F9EC6D]\n\t(No symbol) [0x00007FF7C3F9F2AC]\n\t(No symbol) [0x00007FF7C3FBB501]\n\t(No symbol) [0x00007FF7C404D33E]\n\t(No symbol) [0x00007FF7C402D02A]\n\t(No symbol) [0x00007FF7C404C977]\n\t(No symbol) [0x00007FF7C402CDD3]\n\t(No symbol) [0x00007FF7C3FFA33B]\n\t(No symbol) [0x00007FF7C3FFAED1]\n\tGetHandleVerifier [0x00007FF7C4488B1D+3217341]\n\tGetHandleVerifier [0x00007FF7C44D5AE3+3532675]\n\tGetHandleVerifier [0x00007FF7C44CB0E0+3489152]\n\tGetHandleVerifier [0x00007FF7C422E776+750614]\n\t(No symbol) [0x00007FF7C410375F]\n\t(No symbol) [0x00007FF7C40FEB14]\n\t(No symbol) [0x00007FF7C40FECA2]\n\t(No symbol) [0x00007FF7C40EE16F]\n\tBaseThreadInitThunk [0x00007FFC30CC7614+20]\n\tRtlUserThreadStart [0x00007FFC31FC26B1+33]\n"}} | headers=HTTPHeaderDict({'Content-Length': '1246', 'Content-Type': 'application/json; charset=utf-8', 'cache-control': 'no-cache'})
2024-07-06 13:16:21,829 : DEBUG : selenium.webdriver.remote.remote_connection : _request : 356 : Finished Request
2024-07-06 13:17:47,809 : DEBUG : selenium.webdriver.common.selenium_manager : get_binary : 63 : Selenium Manager binary found at: C:\Users\kiran patil\PycharmProjects\saucedemo1\venv\Lib\site-packages\selenium\webdriver\common\windows\selenium-manager.exe
2024-07-06 13:17:47,809 : DEBUG : selenium.webdriver.common.selenium_manager : run : 120 : Executing process: C:\Users\kiran patil\PycharmProjects\saucedemo1\venv\Lib\site-packages\selenium\webdriver\common\windows\selenium-manager.exe --browser chrome --debug --output json
2024-07-06 13:17:53,785 : DEBUG : selenium.webdriver.common.selenium_manager : run : 137 : Found chromedriver 126.0.6478.126 in PATH: C:\Python\Python311\Scripts\chromedriver.exe
2024-07-06 13:17:53,785 : DEBUG : selenium.webdriver.common.selenium_manager : run : 137 : chrome detected at C:\Program Files\Google\Chrome\Application\chrome.exe
2024-07-06 13:17:53,785 : DEBUG : selenium.webdriver.common.selenium_manager : run : 137 : Running command: wmic datafile where name='C:\\Program Files\\Google\\Chrome\\Application\\chrome.exe' get Version /value
2024-07-06 13:17:53,785 : DEBUG : selenium.webdriver.common.selenium_manager : run : 137 : Output: "\r\r\n\r\r\nVersion=126.0.6478.127\r\r\n\r\r\n\r\r\n\r"
2024-07-06 13:17:53,785 : DEBUG : selenium.webdriver.common.selenium_manager : run : 137 : Detected browser: chrome 126.0.6478.127
2024-07-06 13:17:53,785 : DEBUG : selenium.webdriver.common.selenium_manager : run : 137 : Discovering versions from https://googlechromelabs.github.io/chrome-for-testing/known-good-versions-with-downloads.json
2024-07-06 13:17:53,785 : DEBUG : selenium.webdriver.common.selenium_manager : run : 137 : Required driver: chromedriver 126.0.6478.126
2024-07-06 13:17:53,785 : DEBUG : selenium.webdriver.common.selenium_manager : run : 137 : Driver path: C:\Python\Python311\Scripts\chromedriver.exe
2024-07-06 13:17:53,785 : DEBUG : selenium.webdriver.common.selenium_manager : run : 137 : Browser path: C:\Program Files\Google\Chrome\Application\chrome.exe
2024-07-06 13:17:53,785 : DEBUG : selenium.webdriver.common.selenium_manager : driver_location : 98 : Using driver at: C:\Python\Python311\Scripts\chromedriver.exe
2024-07-06 13:17:53,801 : DEBUG : selenium.webdriver.common.service : _start_process : 215 : Started executable: `C:\Python\Python311\Scripts\chromedriver.exe` in a child process with pid: 10656
2024-07-06 13:17:54,348 : DEBUG : selenium.webdriver.remote.remote_connection : _request : 313 : POST http://localhost:56207/session {"capabilities": {"firstMatch": [{}], "alwaysMatch": {"browserName": "chrome", "pageLoadStrategy": "normal", "browserVersion": null, "goog:chromeOptions": {"extensions": [], "binary": "C:\\Program Files\\Google\\Chrome\\Application\\chrome.exe", "args": []}}}}
2024-07-06 13:17:54,348 : DEBUG : urllib3.connectionpool : _new_conn : 245 : Starting new HTTP connection (1): localhost:56207
2024-07-06 13:17:56,883 : DEBUG : urllib3.connectionpool : _make_request : 547 : http://localhost:56207 "POST /session HTTP/1.1" 200 0
2024-07-06 13:17:56,883 : DEBUG : selenium.webdriver.remote.remote_connection : _request : 329 : Remote response: status=200 | data={"value":{"capabilities":{"acceptInsecureCerts":false,"browserName":"chrome","browserVersion":"126.0.6478.127","chrome":{"chromedriverVersion":"126.0.6478.126 (d36ace6122e0a59570e258d82441395206d60e1c-refs/branch-heads/6478@{#1591})","userDataDir":"C:\\Users\\KIRANP~1\\AppData\\Local\\Temp\\scoped_dir10656_1777305922"},"fedcm:accounts":true,"goog:chromeOptions":{"debuggerAddress":"localhost:56211"},"networkConnectionEnabled":false,"pageLoadStrategy":"normal","platformName":"windows","proxy":{},"setWindowRect":true,"strictFileInteractability":false,"timeouts":{"implicit":0,"pageLoad":300000,"script":30000},"unhandledPromptBehavior":"dismiss and notify","webauthn:extension:credBlob":true,"webauthn:extension:largeBlob":true,"webauthn:extension:minPinLength":true,"webauthn:extension:prf":true,"webauthn:virtualAuthenticators":true},"sessionId":"c6be15e95673ff6dc47439ba867852e9"}} | headers=HTTPHeaderDict({'Content-Length': '887', 'Content-Type': 'application/json; charset=utf-8', 'cache-control': 'no-cache'})
2024-07-06 13:17:56,883 : DEBUG : selenium.webdriver.remote.remote_connection : _request : 356 : Finished Request
2024-07-06 13:17:56,883 : INFO : root : test001_AddMultiProductToCart : 14 : ******* Starting test_001_Remove_from_cart **********
2024-07-06 13:17:56,883 : DEBUG : selenium.webdriver.remote.remote_connection : _request : 313 : POST http://localhost:56207/session/c6be15e95673ff6dc47439ba867852e9/url {"url": " https://www.saucedemo.com/"}
2024-07-06 13:18:01,650 : DEBUG : urllib3.connectionpool : _make_request : 547 : http://localhost:56207 "POST /session/c6be15e95673ff6dc47439ba867852e9/url HTTP/1.1" 200 0
2024-07-06 13:18:01,658 : DEBUG : selenium.webdriver.remote.remote_connection : _request : 329 : Remote response: status=200 | data={"value":null} | headers=HTTPHeaderDict({'Content-Length': '14', 'Content-Type': 'application/json; charset=utf-8', 'cache-control': 'no-cache'})
2024-07-06 13:18:01,661 : DEBUG : selenium.webdriver.remote.remote_connection : _request : 356 : Finished Request
2024-07-06 13:18:01,661 : DEBUG : selenium.webdriver.remote.remote_connection : _request : 313 : POST http://localhost:56207/session/c6be15e95673ff6dc47439ba867852e9/window/maximize {}
2024-07-06 13:18:04,480 : DEBUG : urllib3.connectionpool : _make_request : 547 : http://localhost:56207 "POST /session/c6be15e95673ff6dc47439ba867852e9/window/maximize HTTP/1.1" 200 0
2024-07-06 13:18:04,480 : DEBUG : selenium.webdriver.remote.remote_connection : _request : 329 : Remote response: status=200 | data={"value":{"height":784,"width":1382,"x":-8,"y":-8}} | headers=HTTPHeaderDict({'Content-Length': '51', 'Content-Type': 'application/json; charset=utf-8', 'cache-control': 'no-cache'})
2024-07-06 13:18:04,488 : DEBUG : selenium.webdriver.remote.remote_connection : _request : 356 : Finished Request
2024-07-06 13:18:04,488 : DEBUG : selenium.webdriver.remote.remote_connection : _request : 313 : POST http://localhost:56207/session/c6be15e95673ff6dc47439ba867852e9/element {"using": "xpath", "value": "//input[@id='user-name']"}
2024-07-06 13:18:04,529 : DEBUG : urllib3.connectionpool : _make_request : 547 : http://localhost:56207 "POST /session/c6be15e95673ff6dc47439ba867852e9/element HTTP/1.1" 200 0
2024-07-06 13:18:04,529 : DEBUG : selenium.webdriver.remote.remote_connection : _request : 329 : Remote response: status=200 | data={"value":{"element-6066-11e4-a52e-4f735466cecf":"f.B9D0F2F788DC54DF83150191D5971E61.d.F30A0C3FAF042F9191A9635075539B3A.e.3"}} | headers=HTTPHeaderDict({'Content-Length': '125', 'Content-Type': 'application/json; charset=utf-8', 'cache-control': 'no-cache'})
2024-07-06 13:18:04,529 : DEBUG : selenium.webdriver.remote.remote_connection : _request : 356 : Finished Request
2024-07-06 13:18:04,529 : DEBUG : selenium.webdriver.remote.remote_connection : _request : 313 : POST http://localhost:56207/session/c6be15e95673ff6dc47439ba867852e9/element/f.B9D0F2F788DC54DF83150191D5971E61.d.F30A0C3FAF042F9191A9635075539B3A.e.3/value {"text": "standard_user", "value": ["s", "t", "a", "n", "d", "a", "r", "d", "_", "u", "s", "e", "r"]}
2024-07-06 13:18:04,782 : DEBUG : urllib3.connectionpool : _make_request : 547 : http://localhost:56207 "POST /session/c6be15e95673ff6dc47439ba867852e9/element/f.B9D0F2F788DC54DF83150191D5971E61.d.F30A0C3FAF042F9191A9635075539B3A.e.3/value HTTP/1.1" 200 0
2024-07-06 13:18:04,782 : DEBUG : selenium.webdriver.remote.remote_connection : _request : 329 : Remote response: status=200 | data={"value":null} | headers=HTTPHeaderDict({'Content-Length': '14', 'Content-Type': 'application/json; charset=utf-8', 'cache-control': 'no-cache'})
2024-07-06 13:18:04,782 : DEBUG : selenium.webdriver.remote.remote_connection : _request : 356 : Finished Request
2024-07-06 13:18:04,782 : DEBUG : selenium.webdriver.remote.remote_connection : _request : 313 : POST http://localhost:56207/session/c6be15e95673ff6dc47439ba867852e9/element {"using": "xpath", "value": "//input[@id='password']"}
2024-07-06 13:18:04,806 : DEBUG : urllib3.connectionpool : _make_request : 547 : http://localhost:56207 "POST /session/c6be15e95673ff6dc47439ba867852e9/element HTTP/1.1" 200 0
2024-07-06 13:18:04,806 : DEBUG : selenium.webdriver.remote.remote_connection : _request : 329 : Remote response: status=200 | data={"value":{"element-6066-11e4-a52e-4f735466cecf":"f.B9D0F2F788DC54DF83150191D5971E61.d.F30A0C3FAF042F9191A9635075539B3A.e.4"}} | headers=HTTPHeaderDict({'Content-Length': '125', 'Content-Type': 'application/json; charset=utf-8', 'cache-control': 'no-cache'})
2024-07-06 13:18:04,813 : DEBUG : selenium.webdriver.remote.remote_connection : _request : 356 : Finished Request
2024-07-06 13:18:04,814 : DEBUG : selenium.webdriver.remote.remote_connection : _request : 313 : POST http://localhost:56207/session/c6be15e95673ff6dc47439ba867852e9/element/f.B9D0F2F788DC54DF83150191D5971E61.d.F30A0C3FAF042F9191A9635075539B3A.e.4/value {"text": "secret_sauce", "value": ["s", "e", "c", "r", "e", "t", "_", "s", "a", "u", "c", "e"]}
2024-07-06 13:18:04,918 : DEBUG : urllib3.connectionpool : _make_request : 547 : http://localhost:56207 "POST /session/c6be15e95673ff6dc47439ba867852e9/element/f.B9D0F2F788DC54DF83150191D5971E61.d.F30A0C3FAF042F9191A9635075539B3A.e.4/value HTTP/1.1" 200 0
2024-07-06 13:18:04,918 : DEBUG : selenium.webdriver.remote.remote_connection : _request : 329 : Remote response: status=200 | data={"value":null} | headers=HTTPHeaderDict({'Content-Length': '14', 'Content-Type': 'application/json; charset=utf-8', 'cache-control': 'no-cache'})
2024-07-06 13:18:04,918 : DEBUG : selenium.webdriver.remote.remote_connection : _request : 356 : Finished Request
2024-07-06 13:18:04,918 : DEBUG : selenium.webdriver.remote.remote_connection : _request : 313 : POST http://localhost:56207/session/c6be15e95673ff6dc47439ba867852e9/element {"using": "xpath", "value": "//input[@id='login-button']"}
2024-07-06 13:18:04,938 : DEBUG : urllib3.connectionpool : _make_request : 547 : http://localhost:56207 "POST /session/c6be15e95673ff6dc47439ba867852e9/element HTTP/1.1" 200 0
2024-07-06 13:18:04,938 : DEBUG : selenium.webdriver.remote.remote_connection : _request : 329 : Remote response: status=200 | data={"value":{"element-6066-11e4-a52e-4f735466cecf":"f.B9D0F2F788DC54DF83150191D5971E61.d.F30A0C3FAF042F9191A9635075539B3A.e.5"}} | headers=HTTPHeaderDict({'Content-Length': '125', 'Content-Type': 'application/json; charset=utf-8', 'cache-control': 'no-cache'})
2024-07-06 13:18:04,938 : DEBUG : selenium.webdriver.remote.remote_connection : _request : 356 : Finished Request
2024-07-06 13:18:04,938 : DEBUG : selenium.webdriver.remote.remote_connection : _request : 313 : POST http://localhost:56207/session/c6be15e95673ff6dc47439ba867852e9/element/f.B9D0F2F788DC54DF83150191D5971E61.d.F30A0C3FAF042F9191A9635075539B3A.e.5/click {}
2024-07-06 13:18:05,070 : DEBUG : urllib3.connectionpool : _make_request : 547 : http://localhost:56207 "POST /session/c6be15e95673ff6dc47439ba867852e9/element/f.B9D0F2F788DC54DF83150191D5971E61.d.F30A0C3FAF042F9191A9635075539B3A.e.5/click HTTP/1.1" 200 0
2024-07-06 13:18:05,078 : DEBUG : selenium.webdriver.remote.remote_connection : _request : 329 : Remote response: status=200 | data={"value":null} | headers=HTTPHeaderDict({'Content-Length': '14', 'Content-Type': 'application/json; charset=utf-8', 'cache-control': 'no-cache'})
2024-07-06 13:18:05,078 : DEBUG : selenium.webdriver.remote.remote_connection : _request : 356 : Finished Request
2024-07-06 13:18:05,078 : DEBUG : selenium.webdriver.remote.remote_connection : _request : 313 : POST http://localhost:56207/session/c6be15e95673ff6dc47439ba867852e9/element {"using": "xpath", "value": "//div[normalize-space()='Sauce Labs Bike Light']"}
2024-07-06 13:18:05,097 : DEBUG : urllib3.connectionpool : _make_request : 547 : http://localhost:56207 "POST /session/c6be15e95673ff6dc47439ba867852e9/element HTTP/1.1" 200 0
2024-07-06 13:18:05,097 : DEBUG : selenium.webdriver.remote.remote_connection : _request : 329 : Remote response: status=200 | data={"value":{"element-6066-11e4-a52e-4f735466cecf":"f.B9D0F2F788DC54DF83150191D5971E61.d.F30A0C3FAF042F9191A9635075539B3A.e.17"}} | headers=HTTPHeaderDict({'Content-Length': '126', 'Content-Type': 'application/json; charset=utf-8', 'cache-control': 'no-cache'})
2024-07-06 13:18:05,097 : DEBUG : selenium.webdriver.remote.remote_connection : _request : 356 : Finished Request
2024-07-06 13:18:05,097 : DEBUG : selenium.webdriver.remote.remote_connection : _request : 313 : POST http://localhost:56207/session/c6be15e95673ff6dc47439ba867852e9/element/f.B9D0F2F788DC54DF83150191D5971E61.d.F30A0C3FAF042F9191A9635075539B3A.e.17/click {}
2024-07-06 13:18:05,201 : DEBUG : urllib3.connectionpool : _make_request : 547 : http://localhost:56207 "POST /session/c6be15e95673ff6dc47439ba867852e9/element/f.B9D0F2F788DC54DF83150191D5971E61.d.F30A0C3FAF042F9191A9635075539B3A.e.17/click HTTP/1.1" 200 0
2024-07-06 13:18:05,201 : DEBUG : selenium.webdriver.remote.remote_connection : _request : 329 : Remote response: status=200 | data={"value":null} | headers=HTTPHeaderDict({'Content-Length': '14', 'Content-Type': 'application/json; charset=utf-8', 'cache-control': 'no-cache'})
2024-07-06 13:18:05,201 : DEBUG : selenium.webdriver.remote.remote_connection : _request : 356 : Finished Request
2024-07-06 13:18:07,204 : DEBUG : selenium.webdriver.remote.remote_connection : _request : 313 : POST http://localhost:56207/session/c6be15e95673ff6dc47439ba867852e9/element {"using": "xpath", "value": "//button[@id='add-to-cart-sauce-labs-bike-light']"}
2024-07-06 13:18:07,220 : DEBUG : urllib3.connectionpool : _make_request : 547 : http://localhost:56207 "POST /session/c6be15e95673ff6dc47439ba867852e9/element HTTP/1.1" 404 0
2024-07-06 13:18:07,220 : DEBUG : selenium.webdriver.remote.remote_connection : _request : 329 : Remote response: status=404 | data={"value":{"error":"no such element","message":"no such element: Unable to locate element: {\"method\":\"xpath\",\"selector\":\"//button[@id='add-to-cart-sauce-labs-bike-light']\"}\n  (Session info: chrome=126.0.6478.127)","stacktrace":"\tGetHandleVerifier [0x00007FF7C417EEA2+31554]\n\t(No symbol) [0x00007FF7C40F7ED9]\n\t(No symbol) [0x00007FF7C3FB872A]\n\t(No symbol) [0x00007FF7C4008434]\n\t(No symbol) [0x00007FF7C400853C]\n\t(No symbol) [0x00007FF7C404F6A7]\n\t(No symbol) [0x00007FF7C402D06F]\n\t(No symbol) [0x00007FF7C404C977]\n\t(No symbol) [0x00007FF7C402CDD3]\n\t(No symbol) [0x00007FF7C3FFA33B]\n\t(No symbol) [0x00007FF7C3FFAED1]\n\tGetHandleVerifier [0x00007FF7C4488B1D+3217341]\n\tGetHandleVerifier [0x00007FF7C44D5AE3+3532675]\n\tGetHandleVerifier [0x00007FF7C44CB0E0+3489152]\n\tGetHandleVerifier [0x00007FF7C422E776+750614]\n\t(No symbol) [0x00007FF7C410375F]\n\t(No symbol) [0x00007FF7C40FEB14]\n\t(No symbol) [0x00007FF7C40FECA2]\n\t(No symbol) [0x00007FF7C40EE16F]\n\tBaseThreadInitThunk [0x00007FFC30CC7614+20]\n\tRtlUserThreadStart [0x00007FFC31FC26B1+33]\n"}} | headers=HTTPHeaderDict({'Content-Length': '1083', 'Content-Type': 'application/json; charset=utf-8', 'cache-control': 'no-cache'})
2024-07-06 13:18:07,220 : DEBUG : selenium.webdriver.remote.remote_connection : _request : 356 : Finished Request
2024-07-06 13:18:07,731 : DEBUG : selenium.webdriver.remote.remote_connection : _request : 313 : POST http://localhost:56207/session/c6be15e95673ff6dc47439ba867852e9/element {"using": "xpath", "value": "//button[@id='add-to-cart-sauce-labs-bike-light']"}
2024-07-06 13:18:07,764 : DEBUG : urllib3.connectionpool : _make_request : 547 : http://localhost:56207 "POST /session/c6be15e95673ff6dc47439ba867852e9/element HTTP/1.1" 404 0
2024-07-06 13:18:07,764 : DEBUG : selenium.webdriver.remote.remote_connection : _request : 329 : Remote response: status=404 | data={"value":{"error":"no such element","message":"no such element: Unable to locate element: {\"method\":\"xpath\",\"selector\":\"//button[@id='add-to-cart-sauce-labs-bike-light']\"}\n  (Session info: chrome=126.0.6478.127)","stacktrace":"\tGetHandleVerifier [0x00007FF7C417EEA2+31554]\n\t(No symbol) [0x00007FF7C40F7ED9]\n\t(No symbol) [0x00007FF7C3FB872A]\n\t(No symbol) [0x00007FF7C4008434]\n\t(No symbol) [0x00007FF7C400853C]\n\t(No symbol) [0x00007FF7C404F6A7]\n\t(No symbol) [0x00007FF7C402D06F]\n\t(No symbol) [0x00007FF7C404C977]\n\t(No symbol) [0x00007FF7C402CDD3]\n\t(No symbol) [0x00007FF7C3FFA33B]\n\t(No symbol) [0x00007FF7C3FFAED1]\n\tGetHandleVerifier [0x00007FF7C4488B1D+3217341]\n\tGetHandleVerifier [0x00007FF7C44D5AE3+3532675]\n\tGetHandleVerifier [0x00007FF7C44CB0E0+3489152]\n\tGetHandleVerifier [0x00007FF7C422E776+750614]\n\t(No symbol) [0x00007FF7C410375F]\n\t(No symbol) [0x00007FF7C40FEB14]\n\t(No symbol) [0x00007FF7C40FECA2]\n\t(No symbol) [0x00007FF7C40EE16F]\n\tBaseThreadInitThunk [0x00007FFC30CC7614+20]\n\tRtlUserThreadStart [0x00007FFC31FC26B1+33]\n"}} | headers=HTTPHeaderDict({'Content-Length': '1083', 'Content-Type': 'application/json; charset=utf-8', 'cache-control': 'no-cache'})
2024-07-06 13:18:07,764 : DEBUG : selenium.webdriver.remote.remote_connection : _request : 356 : Finished Request
2024-07-06 13:18:08,269 : DEBUG : selenium.webdriver.remote.remote_connection : _request : 313 : POST http://localhost:56207/session/c6be15e95673ff6dc47439ba867852e9/element {"using": "xpath", "value": "//button[@id='add-to-cart-sauce-labs-bike-light']"}
2024-07-06 13:18:08,301 : DEBUG : urllib3.connectionpool : _make_request : 547 : http://localhost:56207 "POST /session/c6be15e95673ff6dc47439ba867852e9/element HTTP/1.1" 404 0
2024-07-06 13:18:08,301 : DEBUG : selenium.webdriver.remote.remote_connection : _request : 329 : Remote response: status=404 | data={"value":{"error":"no such element","message":"no such element: Unable to locate element: {\"method\":\"xpath\",\"selector\":\"//button[@id='add-to-cart-sauce-labs-bike-light']\"}\n  (Session info: chrome=126.0.6478.127)","stacktrace":"\tGetHandleVerifier [0x00007FF7C417EEA2+31554]\n\t(No symbol) [0x00007FF7C40F7ED9]\n\t(No symbol) [0x00007FF7C3FB872A]\n\t(No symbol) [0x00007FF7C4008434]\n\t(No symbol) [0x00007FF7C400853C]\n\t(No symbol) [0x00007FF7C404F6A7]\n\t(No symbol) [0x00007FF7C402D06F]\n\t(No symbol) [0x00007FF7C404C977]\n\t(No symbol) [0x00007FF7C402CDD3]\n\t(No symbol) [0x00007FF7C3FFA33B]\n\t(No symbol) [0x00007FF7C3FFAED1]\n\tGetHandleVerifier [0x00007FF7C4488B1D+3217341]\n\tGetHandleVerifier [0x00007FF7C44D5AE3+3532675]\n\tGetHandleVerifier [0x00007FF7C44CB0E0+3489152]\n\tGetHandleVerifier [0x00007FF7C422E776+750614]\n\t(No symbol) [0x00007FF7C410375F]\n\t(No symbol) [0x00007FF7C40FEB14]\n\t(No symbol) [0x00007FF7C40FECA2]\n\t(No symbol) [0x00007FF7C40EE16F]\n\tBaseThreadInitThunk [0x00007FFC30CC7614+20]\n\tRtlUserThreadStart [0x00007FFC31FC26B1+33]\n"}} | headers=HTTPHeaderDict({'Content-Length': '1083', 'Content-Type': 'application/json; charset=utf-8', 'cache-control': 'no-cache'})
2024-07-06 13:18:08,301 : DEBUG : selenium.webdriver.remote.remote_connection : _request : 356 : Finished Request
2024-07-06 13:18:08,806 : DEBUG : selenium.webdriver.remote.remote_connection : _request : 313 : POST http://localhost:56207/session/c6be15e95673ff6dc47439ba867852e9/element {"using": "xpath", "value": "//button[@id='add-to-cart-sauce-labs-bike-light']"}
2024-07-06 13:18:08,838 : DEBUG : urllib3.connectionpool : _make_request : 547 : http://localhost:56207 "POST /session/c6be15e95673ff6dc47439ba867852e9/element HTTP/1.1" 404 0
2024-07-06 13:18:08,838 : DEBUG : selenium.webdriver.remote.remote_connection : _request : 329 : Remote response: status=404 | data={"value":{"error":"no such element","message":"no such element: Unable to locate element: {\"method\":\"xpath\",\"selector\":\"//button[@id='add-to-cart-sauce-labs-bike-light']\"}\n  (Session info: chrome=126.0.6478.127)","stacktrace":"\tGetHandleVerifier [0x00007FF7C417EEA2+31554]\n\t(No symbol) [0x00007FF7C40F7ED9]\n\t(No symbol) [0x00007FF7C3FB872A]\n\t(No symbol) [0x00007FF7C4008434]\n\t(No symbol) [0x00007FF7C400853C]\n\t(No symbol) [0x00007FF7C404F6A7]\n\t(No symbol) [0x00007FF7C402D06F]\n\t(No symbol) [0x00007FF7C404C977]\n\t(No symbol) [0x00007FF7C402CDD3]\n\t(No symbol) [0x00007FF7C3FFA33B]\n\t(No symbol) [0x00007FF7C3FFAED1]\n\tGetHandleVerifier [0x00007FF7C4488B1D+3217341]\n\tGetHandleVerifier [0x00007FF7C44D5AE3+3532675]\n\tGetHandleVerifier [0x00007FF7C44CB0E0+3489152]\n\tGetHandleVerifier [0x00007FF7C422E776+750614]\n\t(No symbol) [0x00007FF7C410375F]\n\t(No symbol) [0x00007FF7C40FEB14]\n\t(No symbol) [0x00007FF7C40FECA2]\n\t(No symbol) [0x00007FF7C40EE16F]\n\tBaseThreadInitThunk [0x00007FFC30CC7614+20]\n\tRtlUserThreadStart [0x00007FFC31FC26B1+33]\n"}} | headers=HTTPHeaderDict({'Content-Length': '1083', 'Content-Type': 'application/json; charset=utf-8', 'cache-control': 'no-cache'})
2024-07-06 13:18:08,838 : DEBUG : selenium.webdriver.remote.remote_connection : _request : 356 : Finished Request
2024-07-06 13:18:09,349 : DEBUG : selenium.webdriver.remote.remote_connection : _request : 313 : POST http://localhost:56207/session/c6be15e95673ff6dc47439ba867852e9/element {"using": "xpath", "value": "//button[@id='add-to-cart-sauce-labs-bike-light']"}
2024-07-06 13:18:09,349 : DEBUG : urllib3.connectionpool : _make_request : 547 : http://localhost:56207 "POST /session/c6be15e95673ff6dc47439ba867852e9/element HTTP/1.1" 404 0
2024-07-06 13:18:09,349 : DEBUG : selenium.webdriver.remote.remote_connection : _request : 329 : Remote response: status=404 | data={"value":{"error":"no such element","message":"no such element: Unable to locate element: {\"method\":\"xpath\",\"selector\":\"//button[@id='add-to-cart-sauce-labs-bike-light']\"}\n  (Session info: chrome=126.0.6478.127)","stacktrace":"\tGetHandleVerifier [0x00007FF7C417EEA2+31554]\n\t(No symbol) [0x00007FF7C40F7ED9]\n\t(No symbol) [0x00007FF7C3FB872A]\n\t(No symbol) [0x00007FF7C4008434]\n\t(No symbol) [0x00007FF7C400853C]\n\t(No symbol) [0x00007FF7C404F6A7]\n\t(No symbol) [0x00007FF7C402D06F]\n\t(No symbol) [0x00007FF7C404C977]\n\t(No symbol) [0x00007FF7C402CDD3]\n\t(No symbol) [0x00007FF7C3FFA33B]\n\t(No symbol) [0x00007FF7C3FFAED1]\n\tGetHandleVerifier [0x00007FF7C4488B1D+3217341]\n\tGetHandleVerifier [0x00007FF7C44D5AE3+3532675]\n\tGetHandleVerifier [0x00007FF7C44CB0E0+3489152]\n\tGetHandleVerifier [0x00007FF7C422E776+750614]\n\t(No symbol) [0x00007FF7C410375F]\n\t(No symbol) [0x00007FF7C40FEB14]\n\t(No symbol) [0x00007FF7C40FECA2]\n\t(No symbol) [0x00007FF7C40EE16F]\n\tBaseThreadInitThunk [0x00007FFC30CC7614+20]\n\tRtlUserThreadStart [0x00007FFC31FC26B1+33]\n"}} | headers=HTTPHeaderDict({'Content-Length': '1083', 'Content-Type': 'application/json; charset=utf-8', 'cache-control': 'no-cache'})
2024-07-06 13:18:09,349 : DEBUG : selenium.webdriver.remote.remote_connection : _request : 356 : Finished Request
2024-07-06 13:18:09,863 : DEBUG : selenium.webdriver.remote.remote_connection : _request : 313 : POST http://localhost:56207/session/c6be15e95673ff6dc47439ba867852e9/element {"using": "xpath", "value": "//button[@id='add-to-cart-sauce-labs-bike-light']"}
2024-07-06 13:18:09,879 : DEBUG : urllib3.connectionpool : _make_request : 547 : http://localhost:56207 "POST /session/c6be15e95673ff6dc47439ba867852e9/element HTTP/1.1" 404 0
2024-07-06 13:18:09,879 : DEBUG : selenium.webdriver.remote.remote_connection : _request : 329 : Remote response: status=404 | data={"value":{"error":"no such element","message":"no such element: Unable to locate element: {\"method\":\"xpath\",\"selector\":\"//button[@id='add-to-cart-sauce-labs-bike-light']\"}\n  (Session info: chrome=126.0.6478.127)","stacktrace":"\tGetHandleVerifier [0x00007FF7C417EEA2+31554]\n\t(No symbol) [0x00007FF7C40F7ED9]\n\t(No symbol) [0x00007FF7C3FB872A]\n\t(No symbol) [0x00007FF7C4008434]\n\t(No symbol) [0x00007FF7C400853C]\n\t(No symbol) [0x00007FF7C404F6A7]\n\t(No symbol) [0x00007FF7C402D06F]\n\t(No symbol) [0x00007FF7C404C977]\n\t(No symbol) [0x00007FF7C402CDD3]\n\t(No symbol) [0x00007FF7C3FFA33B]\n\t(No symbol) [0x00007FF7C3FFAED1]\n\tGetHandleVerifier [0x00007FF7C4488B1D+3217341]\n\tGetHandleVerifier [0x00007FF7C44D5AE3+3532675]\n\tGetHandleVerifier [0x00007FF7C44CB0E0+3489152]\n\tGetHandleVerifier [0x00007FF7C422E776+750614]\n\t(No symbol) [0x00007FF7C410375F]\n\t(No symbol) [0x00007FF7C40FEB14]\n\t(No symbol) [0x00007FF7C40FECA2]\n\t(No symbol) [0x00007FF7C40EE16F]\n\tBaseThreadInitThunk [0x00007FFC30CC7614+20]\n\tRtlUserThreadStart [0x00007FFC31FC26B1+33]\n"}} | headers=HTTPHeaderDict({'Content-Length': '1083', 'Content-Type': 'application/json; charset=utf-8', 'cache-control': 'no-cache'})
2024-07-06 13:18:09,879 : DEBUG : selenium.webdriver.remote.remote_connection : _request : 356 : Finished Request
2024-07-06 13:18:10,384 : DEBUG : selenium.webdriver.remote.remote_connection : _request : 313 : POST http://localhost:56207/session/c6be15e95673ff6dc47439ba867852e9/element {"using": "xpath", "value": "//button[@id='add-to-cart-sauce-labs-bike-light']"}
2024-07-06 13:18:10,384 : DEBUG : urllib3.connectionpool : _make_request : 547 : http://localhost:56207 "POST /session/c6be15e95673ff6dc47439ba867852e9/element HTTP/1.1" 404 0
2024-07-06 13:18:10,384 : DEBUG : selenium.webdriver.remote.remote_connection : _request : 329 : Remote response: status=404 | data={"value":{"error":"no such element","message":"no such element: Unable to locate element: {\"method\":\"xpath\",\"selector\":\"//button[@id='add-to-cart-sauce-labs-bike-light']\"}\n  (Session info: chrome=126.0.6478.127)","stacktrace":"\tGetHandleVerifier [0x00007FF7C417EEA2+31554]\n\t(No symbol) [0x00007FF7C40F7ED9]\n\t(No symbol) [0x00007FF7C3FB872A]\n\t(No symbol) [0x00007FF7C4008434]\n\t(No symbol) [0x00007FF7C400853C]\n\t(No symbol) [0x00007FF7C404F6A7]\n\t(No symbol) [0x00007FF7C402D06F]\n\t(No symbol) [0x00007FF7C404C977]\n\t(No symbol) [0x00007FF7C402CDD3]\n\t(No symbol) [0x00007FF7C3FFA33B]\n\t(No symbol) [0x00007FF7C3FFAED1]\n\tGetHandleVerifier [0x00007FF7C4488B1D+3217341]\n\tGetHandleVerifier [0x00007FF7C44D5AE3+3532675]\n\tGetHandleVerifier [0x00007FF7C44CB0E0+3489152]\n\tGetHandleVerifier [0x00007FF7C422E776+750614]\n\t(No symbol) [0x00007FF7C410375F]\n\t(No symbol) [0x00007FF7C40FEB14]\n\t(No symbol) [0x00007FF7C40FECA2]\n\t(No symbol) [0x00007FF7C40EE16F]\n\tBaseThreadInitThunk [0x00007FFC30CC7614+20]\n\tRtlUserThreadStart [0x00007FFC31FC26B1+33]\n"}} | headers=HTTPHeaderDict({'Content-Length': '1083', 'Content-Type': 'application/json; charset=utf-8', 'cache-control': 'no-cache'})
2024-07-06 13:18:10,384 : DEBUG : selenium.webdriver.remote.remote_connection : _request : 356 : Finished Request
2024-07-06 13:18:10,898 : DEBUG : selenium.webdriver.remote.remote_connection : _request : 313 : POST http://localhost:56207/session/c6be15e95673ff6dc47439ba867852e9/element {"using": "xpath", "value": "//button[@id='add-to-cart-sauce-labs-bike-light']"}
2024-07-06 13:18:10,929 : DEBUG : urllib3.connectionpool : _make_request : 547 : http://localhost:56207 "POST /session/c6be15e95673ff6dc47439ba867852e9/element HTTP/1.1" 404 0
2024-07-06 13:18:10,929 : DEBUG : selenium.webdriver.remote.remote_connection : _request : 329 : Remote response: status=404 | data={"value":{"error":"no such element","message":"no such element: Unable to locate element: {\"method\":\"xpath\",\"selector\":\"//button[@id='add-to-cart-sauce-labs-bike-light']\"}\n  (Session info: chrome=126.0.6478.127)","stacktrace":"\tGetHandleVerifier [0x00007FF7C417EEA2+31554]\n\t(No symbol) [0x00007FF7C40F7ED9]\n\t(No symbol) [0x00007FF7C3FB872A]\n\t(No symbol) [0x00007FF7C4008434]\n\t(No symbol) [0x00007FF7C400853C]\n\t(No symbol) [0x00007FF7C404F6A7]\n\t(No symbol) [0x00007FF7C402D06F]\n\t(No symbol) [0x00007FF7C404C977]\n\t(No symbol) [0x00007FF7C402CDD3]\n\t(No symbol) [0x00007FF7C3FFA33B]\n\t(No symbol) [0x00007FF7C3FFAED1]\n\tGetHandleVerifier [0x00007FF7C4488B1D+3217341]\n\tGetHandleVerifier [0x00007FF7C44D5AE3+3532675]\n\tGetHandleVerifier [0x00007FF7C44CB0E0+3489152]\n\tGetHandleVerifier [0x00007FF7C422E776+750614]\n\t(No symbol) [0x00007FF7C410375F]\n\t(No symbol) [0x00007FF7C40FEB14]\n\t(No symbol) [0x00007FF7C40FECA2]\n\t(No symbol) [0x00007FF7C40EE16F]\n\tBaseThreadInitThunk [0x00007FFC30CC7614+20]\n\tRtlUserThreadStart [0x00007FFC31FC26B1+33]\n"}} | headers=HTTPHeaderDict({'Content-Length': '1083', 'Content-Type': 'application/json; charset=utf-8', 'cache-control': 'no-cache'})
2024-07-06 13:18:10,929 : DEBUG : selenium.webdriver.remote.remote_connection : _request : 356 : Finished Request
2024-07-06 13:18:11,441 : DEBUG : selenium.webdriver.remote.remote_connection : _request : 313 : POST http://localhost:56207/session/c6be15e95673ff6dc47439ba867852e9/element {"using": "xpath", "value": "//button[@id='add-to-cart-sauce-labs-bike-light']"}
2024-07-06 13:18:11,457 : DEBUG : urllib3.connectionpool : _make_request : 547 : http://localhost:56207 "POST /session/c6be15e95673ff6dc47439ba867852e9/element HTTP/1.1" 404 0
2024-07-06 13:18:11,457 : DEBUG : selenium.webdriver.remote.remote_connection : _request : 329 : Remote response: status=404 | data={"value":{"error":"no such element","message":"no such element: Unable to locate element: {\"method\":\"xpath\",\"selector\":\"//button[@id='add-to-cart-sauce-labs-bike-light']\"}\n  (Session info: chrome=126.0.6478.127)","stacktrace":"\tGetHandleVerifier [0x00007FF7C417EEA2+31554]\n\t(No symbol) [0x00007FF7C40F7ED9]\n\t(No symbol) [0x00007FF7C3FB872A]\n\t(No symbol) [0x00007FF7C4008434]\n\t(No symbol) [0x00007FF7C400853C]\n\t(No symbol) [0x00007FF7C404F6A7]\n\t(No symbol) [0x00007FF7C402D06F]\n\t(No symbol) [0x00007FF7C404C977]\n\t(No symbol) [0x00007FF7C402CDD3]\n\t(No symbol) [0x00007FF7C3FFA33B]\n\t(No symbol) [0x00007FF7C3FFAED1]\n\tGetHandleVerifier [0x00007FF7C4488B1D+3217341]\n\tGetHandleVerifier [0x00007FF7C44D5AE3+3532675]\n\tGetHandleVerifier [0x00007FF7C44CB0E0+3489152]\n\tGetHandleVerifier [0x00007FF7C422E776+750614]\n\t(No symbol) [0x00007FF7C410375F]\n\t(No symbol) [0x00007FF7C40FEB14]\n\t(No symbol) [0x00007FF7C40FECA2]\n\t(No symbol) [0x00007FF7C40EE16F]\n\tBaseThreadInitThunk [0x00007FFC30CC7614+20]\n\tRtlUserThreadStart [0x00007FFC31FC26B1+33]\n"}} | headers=HTTPHeaderDict({'Content-Length': '1083', 'Content-Type': 'application/json; charset=utf-8', 'cache-control': 'no-cache'})
2024-07-06 13:18:11,457 : DEBUG : selenium.webdriver.remote.remote_connection : _request : 356 : Finished Request
2024-07-06 13:18:11,973 : DEBUG : selenium.webdriver.remote.remote_connection : _request : 313 : POST http://localhost:56207/session/c6be15e95673ff6dc47439ba867852e9/element {"using": "xpath", "value": "//button[@id='add-to-cart-sauce-labs-bike-light']"}
2024-07-06 13:18:12,004 : DEBUG : urllib3.connectionpool : _make_request : 547 : http://localhost:56207 "POST /session/c6be15e95673ff6dc47439ba867852e9/element HTTP/1.1" 404 0
2024-07-06 13:18:12,004 : DEBUG : selenium.webdriver.remote.remote_connection : _request : 329 : Remote response: status=404 | data={"value":{"error":"no such element","message":"no such element: Unable to locate element: {\"method\":\"xpath\",\"selector\":\"//button[@id='add-to-cart-sauce-labs-bike-light']\"}\n  (Session info: chrome=126.0.6478.127)","stacktrace":"\tGetHandleVerifier [0x00007FF7C417EEA2+31554]\n\t(No symbol) [0x00007FF7C40F7ED9]\n\t(No symbol) [0x00007FF7C3FB872A]\n\t(No symbol) [0x00007FF7C4008434]\n\t(No symbol) [0x00007FF7C400853C]\n\t(No symbol) [0x00007FF7C404F6A7]\n\t(No symbol) [0x00007FF7C402D06F]\n\t(No symbol) [0x00007FF7C404C977]\n\t(No symbol) [0x00007FF7C402CDD3]\n\t(No symbol) [0x00007FF7C3FFA33B]\n\t(No symbol) [0x00007FF7C3FFAED1]\n\tGetHandleVerifier [0x00007FF7C4488B1D+3217341]\n\tGetHandleVerifier [0x00007FF7C44D5AE3+3532675]\n\tGetHandleVerifier [0x00007FF7C44CB0E0+3489152]\n\tGetHandleVerifier [0x00007FF7C422E776+750614]\n\t(No symbol) [0x00007FF7C410375F]\n\t(No symbol) [0x00007FF7C40FEB14]\n\t(No symbol) [0x00007FF7C40FECA2]\n\t(No symbol) [0x00007FF7C40EE16F]\n\tBaseThreadInitThunk [0x00007FFC30CC7614+20]\n\tRtlUserThreadStart [0x00007FFC31FC26B1+33]\n"}} | headers=HTTPHeaderDict({'Content-Length': '1083', 'Content-Type': 'application/json; charset=utf-8', 'cache-control': 'no-cache'})
2024-07-06 13:18:12,004 : DEBUG : selenium.webdriver.remote.remote_connection : _request : 356 : Finished Request
2024-07-06 13:21:32,971 : DEBUG : selenium.webdriver.common.selenium_manager : get_binary : 63 : Selenium Manager binary found at: C:\Users\kiran patil\PycharmProjects\saucedemo1\venv\Lib\site-packages\selenium\webdriver\common\windows\selenium-manager.exe
2024-07-06 13:21:32,971 : DEBUG : selenium.webdriver.common.selenium_manager : run : 120 : Executing process: C:\Users\kiran patil\PycharmProjects\saucedemo1\venv\Lib\site-packages\selenium\webdriver\common\windows\selenium-manager.exe --browser chrome --debug --output json
2024-07-06 13:21:34,346 : DEBUG : selenium.webdriver.common.selenium_manager : run : 137 : Found chromedriver 126.0.6478.126 in PATH: C:\Python\Python311\Scripts\chromedriver.exe
2024-07-06 13:21:34,346 : DEBUG : selenium.webdriver.common.selenium_manager : run : 137 : chrome detected at C:\Program Files\Google\Chrome\Application\chrome.exe
2024-07-06 13:21:34,346 : DEBUG : selenium.webdriver.common.selenium_manager : run : 137 : Running command: wmic datafile where name='C:\\Program Files\\Google\\Chrome\\Application\\chrome.exe' get Version /value
2024-07-06 13:21:34,346 : DEBUG : selenium.webdriver.common.selenium_manager : run : 137 : Output: "\r\r\n\r\r\nVersion=126.0.6478.127\r\r\n\r\r\n\r\r\n\r"
2024-07-06 13:21:34,346 : DEBUG : selenium.webdriver.common.selenium_manager : run : 137 : Detected browser: chrome 126.0.6478.127
2024-07-06 13:21:34,346 : DEBUG : selenium.webdriver.common.selenium_manager : run : 137 : Required driver: chromedriver 126.0.6478.126
2024-07-06 13:21:34,346 : DEBUG : selenium.webdriver.common.selenium_manager : run : 137 : Driver path: C:\Python\Python311\Scripts\chromedriver.exe
2024-07-06 13:21:34,346 : DEBUG : selenium.webdriver.common.selenium_manager : run : 137 : Browser path: C:\Program Files\Google\Chrome\Application\chrome.exe
2024-07-06 13:21:34,346 : DEBUG : selenium.webdriver.common.selenium_manager : driver_location : 98 : Using driver at: C:\Python\Python311\Scripts\chromedriver.exe
2024-07-06 13:21:34,346 : DEBUG : selenium.webdriver.common.service : _start_process : 215 : Started executable: `C:\Python\Python311\Scripts\chromedriver.exe` in a child process with pid: 4844
2024-07-06 13:21:34,878 : DEBUG : selenium.webdriver.remote.remote_connection : _request : 313 : POST http://localhost:56249/session {"capabilities": {"firstMatch": [{}], "alwaysMatch": {"browserName": "chrome", "pageLoadStrategy": "normal", "browserVersion": null, "goog:chromeOptions": {"extensions": [], "binary": "C:\\Program Files\\Google\\Chrome\\Application\\chrome.exe", "args": []}}}}
2024-07-06 13:21:34,878 : DEBUG : urllib3.connectionpool : _new_conn : 245 : Starting new HTTP connection (1): localhost:56249
2024-07-06 13:21:36,680 : DEBUG : urllib3.connectionpool : _make_request : 547 : http://localhost:56249 "POST /session HTTP/1.1" 200 0
2024-07-06 13:21:36,680 : DEBUG : selenium.webdriver.remote.remote_connection : _request : 329 : Remote response: status=200 | data={"value":{"capabilities":{"acceptInsecureCerts":false,"browserName":"chrome","browserVersion":"126.0.6478.127","chrome":{"chromedriverVersion":"126.0.6478.126 (d36ace6122e0a59570e258d82441395206d60e1c-refs/branch-heads/6478@{#1591})","userDataDir":"C:\\Users\\KIRANP~1\\AppData\\Local\\Temp\\scoped_dir4844_1717671264"},"fedcm:accounts":true,"goog:chromeOptions":{"debuggerAddress":"localhost:56252"},"networkConnectionEnabled":false,"pageLoadStrategy":"normal","platformName":"windows","proxy":{},"setWindowRect":true,"strictFileInteractability":false,"timeouts":{"implicit":0,"pageLoad":300000,"script":30000},"unhandledPromptBehavior":"dismiss and notify","webauthn:extension:credBlob":true,"webauthn:extension:largeBlob":true,"webauthn:extension:minPinLength":true,"webauthn:extension:prf":true,"webauthn:virtualAuthenticators":true},"sessionId":"9ad4843c07b310d6cab1da6d98a5fbfa"}} | headers=HTTPHeaderDict({'Content-Length': '886', 'Content-Type': 'application/json; charset=utf-8', 'cache-control': 'no-cache'})
2024-07-06 13:21:36,859 : DEBUG : selenium.webdriver.remote.remote_connection : _request : 356 : Finished Request
2024-07-06 13:21:36,885 : INFO : root : test001_AddMultiProductToCart : 14 : ******* Starting test_001_Remove_from_cart **********
2024-07-06 13:21:36,885 : DEBUG : selenium.webdriver.remote.remote_connection : _request : 313 : POST http://localhost:56249/session/9ad4843c07b310d6cab1da6d98a5fbfa/url {"url": " https://www.saucedemo.com/"}
2024-07-06 13:21:43,522 : DEBUG : urllib3.connectionpool : _make_request : 547 : http://localhost:56249 "POST /session/9ad4843c07b310d6cab1da6d98a5fbfa/url HTTP/1.1" 200 0
2024-07-06 13:21:43,522 : DEBUG : selenium.webdriver.remote.remote_connection : _request : 329 : Remote response: status=200 | data={"value":null} | headers=HTTPHeaderDict({'Content-Length': '14', 'Content-Type': 'application/json; charset=utf-8', 'cache-control': 'no-cache'})
2024-07-06 13:21:43,522 : DEBUG : selenium.webdriver.remote.remote_connection : _request : 356 : Finished Request
2024-07-06 13:21:43,522 : DEBUG : selenium.webdriver.remote.remote_connection : _request : 313 : POST http://localhost:56249/session/9ad4843c07b310d6cab1da6d98a5fbfa/window/maximize {}
2024-07-06 13:21:43,585 : DEBUG : urllib3.connectionpool : _make_request : 547 : http://localhost:56249 "POST /session/9ad4843c07b310d6cab1da6d98a5fbfa/window/maximize HTTP/1.1" 200 0
2024-07-06 13:21:43,585 : DEBUG : selenium.webdriver.remote.remote_connection : _request : 329 : Remote response: status=200 | data={"value":{"height":784,"width":1382,"x":-8,"y":-8}} | headers=HTTPHeaderDict({'Content-Length': '51', 'Content-Type': 'application/json; charset=utf-8', 'cache-control': 'no-cache'})
2024-07-06 13:21:43,585 : DEBUG : selenium.webdriver.remote.remote_connection : _request : 356 : Finished Request
2024-07-06 13:21:43,585 : DEBUG : selenium.webdriver.remote.remote_connection : _request : 313 : POST http://localhost:56249/session/9ad4843c07b310d6cab1da6d98a5fbfa/element {"using": "xpath", "value": "//input[@id='user-name']"}
2024-07-06 13:21:43,607 : DEBUG : urllib3.connectionpool : _make_request : 547 : http://localhost:56249 "POST /session/9ad4843c07b310d6cab1da6d98a5fbfa/element HTTP/1.1" 200 0
2024-07-06 13:21:43,607 : DEBUG : selenium.webdriver.remote.remote_connection : _request : 329 : Remote response: status=200 | data={"value":{"element-6066-11e4-a52e-4f735466cecf":"f.775415736EF7EDBA4BCEDEC421C458B5.d.4803A5AE4F77F69844E7847B7E1BDD72.e.3"}} | headers=HTTPHeaderDict({'Content-Length': '125', 'Content-Type': 'application/json; charset=utf-8', 'cache-control': 'no-cache'})
2024-07-06 13:21:43,607 : DEBUG : selenium.webdriver.remote.remote_connection : _request : 356 : Finished Request
2024-07-06 13:21:43,615 : DEBUG : selenium.webdriver.remote.remote_connection : _request : 313 : POST http://localhost:56249/session/9ad4843c07b310d6cab1da6d98a5fbfa/element/f.775415736EF7EDBA4BCEDEC421C458B5.d.4803A5AE4F77F69844E7847B7E1BDD72.e.3/value {"text": "standard_user", "value": ["s", "t", "a", "n", "d", "a", "r", "d", "_", "u", "s", "e", "r"]}
2024-07-06 13:21:43,787 : DEBUG : urllib3.connectionpool : _make_request : 547 : http://localhost:56249 "POST /session/9ad4843c07b310d6cab1da6d98a5fbfa/element/f.775415736EF7EDBA4BCEDEC421C458B5.d.4803A5AE4F77F69844E7847B7E1BDD72.e.3/value HTTP/1.1" 200 0
2024-07-06 13:21:43,787 : DEBUG : selenium.webdriver.remote.remote_connection : _request : 329 : Remote response: status=200 | data={"value":null} | headers=HTTPHeaderDict({'Content-Length': '14', 'Content-Type': 'application/json; charset=utf-8', 'cache-control': 'no-cache'})
2024-07-06 13:21:43,787 : DEBUG : selenium.webdriver.remote.remote_connection : _request : 356 : Finished Request
2024-07-06 13:21:43,787 : DEBUG : selenium.webdriver.remote.remote_connection : _request : 313 : POST http://localhost:56249/session/9ad4843c07b310d6cab1da6d98a5fbfa/element {"using": "xpath", "value": "//input[@id='password']"}
2024-07-06 13:21:43,812 : DEBUG : urllib3.connectionpool : _make_request : 547 : http://localhost:56249 "POST /session/9ad4843c07b310d6cab1da6d98a5fbfa/element HTTP/1.1" 200 0
2024-07-06 13:21:43,812 : DEBUG : selenium.webdriver.remote.remote_connection : _request : 329 : Remote response: status=200 | data={"value":{"element-6066-11e4-a52e-4f735466cecf":"f.775415736EF7EDBA4BCEDEC421C458B5.d.4803A5AE4F77F69844E7847B7E1BDD72.e.4"}} | headers=HTTPHeaderDict({'Content-Length': '125', 'Content-Type': 'application/json; charset=utf-8', 'cache-control': 'no-cache'})
2024-07-06 13:21:43,812 : DEBUG : selenium.webdriver.remote.remote_connection : _request : 356 : Finished Request
2024-07-06 13:21:43,812 : DEBUG : selenium.webdriver.remote.remote_connection : _request : 313 : POST http://localhost:56249/session/9ad4843c07b310d6cab1da6d98a5fbfa/element/f.775415736EF7EDBA4BCEDEC421C458B5.d.4803A5AE4F77F69844E7847B7E1BDD72.e.4/value {"text": "secret_sauce", "value": ["s", "e", "c", "r", "e", "t", "_", "s", "a", "u", "c", "e"]}
2024-07-06 13:21:43,921 : DEBUG : urllib3.connectionpool : _make_request : 547 : http://localhost:56249 "POST /session/9ad4843c07b310d6cab1da6d98a5fbfa/element/f.775415736EF7EDBA4BCEDEC421C458B5.d.4803A5AE4F77F69844E7847B7E1BDD72.e.4/value HTTP/1.1" 200 0
2024-07-06 13:21:43,921 : DEBUG : selenium.webdriver.remote.remote_connection : _request : 329 : Remote response: status=200 | data={"value":null} | headers=HTTPHeaderDict({'Content-Length': '14', 'Content-Type': 'application/json; charset=utf-8', 'cache-control': 'no-cache'})
2024-07-06 13:21:43,921 : DEBUG : selenium.webdriver.remote.remote_connection : _request : 356 : Finished Request
2024-07-06 13:21:43,921 : DEBUG : selenium.webdriver.remote.remote_connection : _request : 313 : POST http://localhost:56249/session/9ad4843c07b310d6cab1da6d98a5fbfa/element {"using": "xpath", "value": "//input[@id='login-button']"}
2024-07-06 13:21:43,937 : DEBUG : urllib3.connectionpool : _make_request : 547 : http://localhost:56249 "POST /session/9ad4843c07b310d6cab1da6d98a5fbfa/element HTTP/1.1" 200 0
2024-07-06 13:21:43,937 : DEBUG : selenium.webdriver.remote.remote_connection : _request : 329 : Remote response: status=200 | data={"value":{"element-6066-11e4-a52e-4f735466cecf":"f.775415736EF7EDBA4BCEDEC421C458B5.d.4803A5AE4F77F69844E7847B7E1BDD72.e.5"}} | headers=HTTPHeaderDict({'Content-Length': '125', 'Content-Type': 'application/json; charset=utf-8', 'cache-control': 'no-cache'})
2024-07-06 13:21:43,937 : DEBUG : selenium.webdriver.remote.remote_connection : _request : 356 : Finished Request
2024-07-06 13:21:43,937 : DEBUG : selenium.webdriver.remote.remote_connection : _request : 313 : POST http://localhost:56249/session/9ad4843c07b310d6cab1da6d98a5fbfa/element/f.775415736EF7EDBA4BCEDEC421C458B5.d.4803A5AE4F77F69844E7847B7E1BDD72.e.5/click {}
2024-07-06 13:21:44,100 : DEBUG : urllib3.connectionpool : _make_request : 547 : http://localhost:56249 "POST /session/9ad4843c07b310d6cab1da6d98a5fbfa/element/f.775415736EF7EDBA4BCEDEC421C458B5.d.4803A5AE4F77F69844E7847B7E1BDD72.e.5/click HTTP/1.1" 200 0
2024-07-06 13:21:44,100 : DEBUG : selenium.webdriver.remote.remote_connection : _request : 329 : Remote response: status=200 | data={"value":null} | headers=HTTPHeaderDict({'Content-Length': '14', 'Content-Type': 'application/json; charset=utf-8', 'cache-control': 'no-cache'})
2024-07-06 13:21:44,100 : DEBUG : selenium.webdriver.remote.remote_connection : _request : 356 : Finished Request
2024-07-06 13:21:44,100 : DEBUG : selenium.webdriver.remote.remote_connection : _request : 313 : POST http://localhost:56249/session/9ad4843c07b310d6cab1da6d98a5fbfa/element {"using": "xpath", "value": "//div[normalize-space()='Sauce Labs Bike Light']"}
2024-07-06 13:21:44,122 : DEBUG : urllib3.connectionpool : _make_request : 547 : http://localhost:56249 "POST /session/9ad4843c07b310d6cab1da6d98a5fbfa/element HTTP/1.1" 200 0
2024-07-06 13:21:44,122 : DEBUG : selenium.webdriver.remote.remote_connection : _request : 329 : Remote response: status=200 | data={"value":{"element-6066-11e4-a52e-4f735466cecf":"f.775415736EF7EDBA4BCEDEC421C458B5.d.4803A5AE4F77F69844E7847B7E1BDD72.e.20"}} | headers=HTTPHeaderDict({'Content-Length': '126', 'Content-Type': 'application/json; charset=utf-8', 'cache-control': 'no-cache'})
2024-07-06 13:21:44,122 : DEBUG : selenium.webdriver.remote.remote_connection : _request : 356 : Finished Request
2024-07-06 13:21:44,122 : DEBUG : selenium.webdriver.remote.remote_connection : _request : 313 : POST http://localhost:56249/session/9ad4843c07b310d6cab1da6d98a5fbfa/element/f.775415736EF7EDBA4BCEDEC421C458B5.d.4803A5AE4F77F69844E7847B7E1BDD72.e.20/click {}
2024-07-06 13:21:44,215 : DEBUG : urllib3.connectionpool : _make_request : 547 : http://localhost:56249 "POST /session/9ad4843c07b310d6cab1da6d98a5fbfa/element/f.775415736EF7EDBA4BCEDEC421C458B5.d.4803A5AE4F77F69844E7847B7E1BDD72.e.20/click HTTP/1.1" 200 0
2024-07-06 13:21:44,221 : DEBUG : selenium.webdriver.remote.remote_connection : _request : 329 : Remote response: status=200 | data={"value":null} | headers=HTTPHeaderDict({'Content-Length': '14', 'Content-Type': 'application/json; charset=utf-8', 'cache-control': 'no-cache'})
2024-07-06 13:21:44,223 : DEBUG : selenium.webdriver.remote.remote_connection : _request : 356 : Finished Request
2024-07-06 13:21:46,224 : DEBUG : selenium.webdriver.remote.remote_connection : _request : 313 : POST http://localhost:56249/session/9ad4843c07b310d6cab1da6d98a5fbfa/element {"using": "xpath", "value": "//button[@id='add-to-cart-sauce-labs-bike-light']"}
2024-07-06 13:21:46,271 : DEBUG : urllib3.connectionpool : _make_request : 547 : http://localhost:56249 "POST /session/9ad4843c07b310d6cab1da6d98a5fbfa/element HTTP/1.1" 404 0
2024-07-06 13:21:46,271 : DEBUG : selenium.webdriver.remote.remote_connection : _request : 329 : Remote response: status=404 | data={"value":{"error":"no such element","message":"no such element: Unable to locate element: {\"method\":\"xpath\",\"selector\":\"//button[@id='add-to-cart-sauce-labs-bike-light']\"}\n  (Session info: chrome=126.0.6478.127)","stacktrace":"\tGetHandleVerifier [0x00007FF7C417EEA2+31554]\n\t(No symbol) [0x00007FF7C40F7ED9]\n\t(No symbol) [0x00007FF7C3FB872A]\n\t(No symbol) [0x00007FF7C4008434]\n\t(No symbol) [0x00007FF7C400853C]\n\t(No symbol) [0x00007FF7C404F6A7]\n\t(No symbol) [0x00007FF7C402D06F]\n\t(No symbol) [0x00007FF7C404C977]\n\t(No symbol) [0x00007FF7C402CDD3]\n\t(No symbol) [0x00007FF7C3FFA33B]\n\t(No symbol) [0x00007FF7C3FFAED1]\n\tGetHandleVerifier [0x00007FF7C4488B1D+3217341]\n\tGetHandleVerifier [0x00007FF7C44D5AE3+3532675]\n\tGetHandleVerifier [0x00007FF7C44CB0E0+3489152]\n\tGetHandleVerifier [0x00007FF7C422E776+750614]\n\t(No symbol) [0x00007FF7C410375F]\n\t(No symbol) [0x00007FF7C40FEB14]\n\t(No symbol) [0x00007FF7C40FECA2]\n\t(No symbol) [0x00007FF7C40EE16F]\n\tBaseThreadInitThunk [0x00007FFC30CC7614+20]\n\tRtlUserThreadStart [0x00007FFC31FC26B1+33]\n"}} | headers=HTTPHeaderDict({'Content-Length': '1083', 'Content-Type': 'application/json; charset=utf-8', 'cache-control': 'no-cache'})
2024-07-06 13:21:46,271 : DEBUG : selenium.webdriver.remote.remote_connection : _request : 356 : Finished Request
2024-07-06 13:21:46,780 : DEBUG : selenium.webdriver.remote.remote_connection : _request : 313 : POST http://localhost:56249/session/9ad4843c07b310d6cab1da6d98a5fbfa/element {"using": "xpath", "value": "//button[@id='add-to-cart-sauce-labs-bike-light']"}
2024-07-06 13:21:46,796 : DEBUG : urllib3.connectionpool : _make_request : 547 : http://localhost:56249 "POST /session/9ad4843c07b310d6cab1da6d98a5fbfa/element HTTP/1.1" 404 0
2024-07-06 13:21:46,796 : DEBUG : selenium.webdriver.remote.remote_connection : _request : 329 : Remote response: status=404 | data={"value":{"error":"no such element","message":"no such element: Unable to locate element: {\"method\":\"xpath\",\"selector\":\"//button[@id='add-to-cart-sauce-labs-bike-light']\"}\n  (Session info: chrome=126.0.6478.127)","stacktrace":"\tGetHandleVerifier [0x00007FF7C417EEA2+31554]\n\t(No symbol) [0x00007FF7C40F7ED9]\n\t(No symbol) [0x00007FF7C3FB872A]\n\t(No symbol) [0x00007FF7C4008434]\n\t(No symbol) [0x00007FF7C400853C]\n\t(No symbol) [0x00007FF7C404F6A7]\n\t(No symbol) [0x00007FF7C402D06F]\n\t(No symbol) [0x00007FF7C404C977]\n\t(No symbol) [0x00007FF7C402CDD3]\n\t(No symbol) [0x00007FF7C3FFA33B]\n\t(No symbol) [0x00007FF7C3FFAED1]\n\tGetHandleVerifier [0x00007FF7C4488B1D+3217341]\n\tGetHandleVerifier [0x00007FF7C44D5AE3+3532675]\n\tGetHandleVerifier [0x00007FF7C44CB0E0+3489152]\n\tGetHandleVerifier [0x00007FF7C422E776+750614]\n\t(No symbol) [0x00007FF7C410375F]\n\t(No symbol) [0x00007FF7C40FEB14]\n\t(No symbol) [0x00007FF7C40FECA2]\n\t(No symbol) [0x00007FF7C40EE16F]\n\tBaseThreadInitThunk [0x00007FFC30CC7614+20]\n\tRtlUserThreadStart [0x00007FFC31FC26B1+33]\n"}} | headers=HTTPHeaderDict({'Content-Length': '1083', 'Content-Type': 'application/json; charset=utf-8', 'cache-control': 'no-cache'})
2024-07-06 13:21:46,796 : DEBUG : selenium.webdriver.remote.remote_connection : _request : 356 : Finished Request
2024-07-06 13:21:47,303 : DEBUG : selenium.webdriver.remote.remote_connection : _request : 313 : POST http://localhost:56249/session/9ad4843c07b310d6cab1da6d98a5fbfa/element {"using": "xpath", "value": "//button[@id='add-to-cart-sauce-labs-bike-light']"}
2024-07-06 13:21:47,303 : DEBUG : urllib3.connectionpool : _make_request : 547 : http://localhost:56249 "POST /session/9ad4843c07b310d6cab1da6d98a5fbfa/element HTTP/1.1" 404 0
2024-07-06 13:21:47,303 : DEBUG : selenium.webdriver.remote.remote_connection : _request : 329 : Remote response: status=404 | data={"value":{"error":"no such element","message":"no such element: Unable to locate element: {\"method\":\"xpath\",\"selector\":\"//button[@id='add-to-cart-sauce-labs-bike-light']\"}\n  (Session info: chrome=126.0.6478.127)","stacktrace":"\tGetHandleVerifier [0x00007FF7C417EEA2+31554]\n\t(No symbol) [0x00007FF7C40F7ED9]\n\t(No symbol) [0x00007FF7C3FB872A]\n\t(No symbol) [0x00007FF7C4008434]\n\t(No symbol) [0x00007FF7C400853C]\n\t(No symbol) [0x00007FF7C404F6A7]\n\t(No symbol) [0x00007FF7C402D06F]\n\t(No symbol) [0x00007FF7C404C977]\n\t(No symbol) [0x00007FF7C402CDD3]\n\t(No symbol) [0x00007FF7C3FFA33B]\n\t(No symbol) [0x00007FF7C3FFAED1]\n\tGetHandleVerifier [0x00007FF7C4488B1D+3217341]\n\tGetHandleVerifier [0x00007FF7C44D5AE3+3532675]\n\tGetHandleVerifier [0x00007FF7C44CB0E0+3489152]\n\tGetHandleVerifier [0x00007FF7C422E776+750614]\n\t(No symbol) [0x00007FF7C410375F]\n\t(No symbol) [0x00007FF7C40FEB14]\n\t(No symbol) [0x00007FF7C40FECA2]\n\t(No symbol) [0x00007FF7C40EE16F]\n\tBaseThreadInitThunk [0x00007FFC30CC7614+20]\n\tRtlUserThreadStart [0x00007FFC31FC26B1+33]\n"}} | headers=HTTPHeaderDict({'Content-Length': '1083', 'Content-Type': 'application/json; charset=utf-8', 'cache-control': 'no-cache'})
2024-07-06 13:21:47,303 : DEBUG : selenium.webdriver.remote.remote_connection : _request : 356 : Finished Request
2024-07-06 13:21:47,817 : DEBUG : selenium.webdriver.remote.remote_connection : _request : 313 : POST http://localhost:56249/session/9ad4843c07b310d6cab1da6d98a5fbfa/element {"using": "xpath", "value": "//button[@id='add-to-cart-sauce-labs-bike-light']"}
2024-07-06 13:21:47,848 : DEBUG : urllib3.connectionpool : _make_request : 547 : http://localhost:56249 "POST /session/9ad4843c07b310d6cab1da6d98a5fbfa/element HTTP/1.1" 404 0
2024-07-06 13:21:47,848 : DEBUG : selenium.webdriver.remote.remote_connection : _request : 329 : Remote response: status=404 | data={"value":{"error":"no such element","message":"no such element: Unable to locate element: {\"method\":\"xpath\",\"selector\":\"//button[@id='add-to-cart-sauce-labs-bike-light']\"}\n  (Session info: chrome=126.0.6478.127)","stacktrace":"\tGetHandleVerifier [0x00007FF7C417EEA2+31554]\n\t(No symbol) [0x00007FF7C40F7ED9]\n\t(No symbol) [0x00007FF7C3FB872A]\n\t(No symbol) [0x00007FF7C4008434]\n\t(No symbol) [0x00007FF7C400853C]\n\t(No symbol) [0x00007FF7C404F6A7]\n\t(No symbol) [0x00007FF7C402D06F]\n\t(No symbol) [0x00007FF7C404C977]\n\t(No symbol) [0x00007FF7C402CDD3]\n\t(No symbol) [0x00007FF7C3FFA33B]\n\t(No symbol) [0x00007FF7C3FFAED1]\n\tGetHandleVerifier [0x00007FF7C4488B1D+3217341]\n\tGetHandleVerifier [0x00007FF7C44D5AE3+3532675]\n\tGetHandleVerifier [0x00007FF7C44CB0E0+3489152]\n\tGetHandleVerifier [0x00007FF7C422E776+750614]\n\t(No symbol) [0x00007FF7C410375F]\n\t(No symbol) [0x00007FF7C40FEB14]\n\t(No symbol) [0x00007FF7C40FECA2]\n\t(No symbol) [0x00007FF7C40EE16F]\n\tBaseThreadInitThunk [0x00007FFC30CC7614+20]\n\tRtlUserThreadStart [0x00007FFC31FC26B1+33]\n"}} | headers=HTTPHeaderDict({'Content-Length': '1083', 'Content-Type': 'application/json; charset=utf-8', 'cache-control': 'no-cache'})
2024-07-06 13:21:47,848 : DEBUG : selenium.webdriver.remote.remote_connection : _request : 356 : Finished Request
2024-07-06 13:21:48,355 : DEBUG : selenium.webdriver.remote.remote_connection : _request : 313 : POST http://localhost:56249/session/9ad4843c07b310d6cab1da6d98a5fbfa/element {"using": "xpath", "value": "//button[@id='add-to-cart-sauce-labs-bike-light']"}
2024-07-06 13:21:48,386 : DEBUG : urllib3.connectionpool : _make_request : 547 : http://localhost:56249 "POST /session/9ad4843c07b310d6cab1da6d98a5fbfa/element HTTP/1.1" 404 0
2024-07-06 13:21:48,386 : DEBUG : selenium.webdriver.remote.remote_connection : _request : 329 : Remote response: status=404 | data={"value":{"error":"no such element","message":"no such element: Unable to locate element: {\"method\":\"xpath\",\"selector\":\"//button[@id='add-to-cart-sauce-labs-bike-light']\"}\n  (Session info: chrome=126.0.6478.127)","stacktrace":"\tGetHandleVerifier [0x00007FF7C417EEA2+31554]\n\t(No symbol) [0x00007FF7C40F7ED9]\n\t(No symbol) [0x00007FF7C3FB872A]\n\t(No symbol) [0x00007FF7C4008434]\n\t(No symbol) [0x00007FF7C400853C]\n\t(No symbol) [0x00007FF7C404F6A7]\n\t(No symbol) [0x00007FF7C402D06F]\n\t(No symbol) [0x00007FF7C404C977]\n\t(No symbol) [0x00007FF7C402CDD3]\n\t(No symbol) [0x00007FF7C3FFA33B]\n\t(No symbol) [0x00007FF7C3FFAED1]\n\tGetHandleVerifier [0x00007FF7C4488B1D+3217341]\n\tGetHandleVerifier [0x00007FF7C44D5AE3+3532675]\n\tGetHandleVerifier [0x00007FF7C44CB0E0+3489152]\n\tGetHandleVerifier [0x00007FF7C422E776+750614]\n\t(No symbol) [0x00007FF7C410375F]\n\t(No symbol) [0x00007FF7C40FEB14]\n\t(No symbol) [0x00007FF7C40FECA2]\n\t(No symbol) [0x00007FF7C40EE16F]\n\tBaseThreadInitThunk [0x00007FFC30CC7614+20]\n\tRtlUserThreadStart [0x00007FFC31FC26B1+33]\n"}} | headers=HTTPHeaderDict({'Content-Length': '1083', 'Content-Type': 'application/json; charset=utf-8', 'cache-control': 'no-cache'})
2024-07-06 13:21:48,386 : DEBUG : selenium.webdriver.remote.remote_connection : _request : 356 : Finished Request
2024-07-06 13:21:48,893 : DEBUG : selenium.webdriver.remote.remote_connection : _request : 313 : POST http://localhost:56249/session/9ad4843c07b310d6cab1da6d98a5fbfa/element {"using": "xpath", "value": "//button[@id='add-to-cart-sauce-labs-bike-light']"}
2024-07-06 13:21:48,893 : DEBUG : urllib3.connectionpool : _make_request : 547 : http://localhost:56249 "POST /session/9ad4843c07b310d6cab1da6d98a5fbfa/element HTTP/1.1" 404 0
2024-07-06 13:21:48,893 : DEBUG : selenium.webdriver.remote.remote_connection : _request : 329 : Remote response: status=404 | data={"value":{"error":"no such element","message":"no such element: Unable to locate element: {\"method\":\"xpath\",\"selector\":\"//button[@id='add-to-cart-sauce-labs-bike-light']\"}\n  (Session info: chrome=126.0.6478.127)","stacktrace":"\tGetHandleVerifier [0x00007FF7C417EEA2+31554]\n\t(No symbol) [0x00007FF7C40F7ED9]\n\t(No symbol) [0x00007FF7C3FB872A]\n\t(No symbol) [0x00007FF7C4008434]\n\t(No symbol) [0x00007FF7C400853C]\n\t(No symbol) [0x00007FF7C404F6A7]\n\t(No symbol) [0x00007FF7C402D06F]\n\t(No symbol) [0x00007FF7C404C977]\n\t(No symbol) [0x00007FF7C402CDD3]\n\t(No symbol) [0x00007FF7C3FFA33B]\n\t(No symbol) [0x00007FF7C3FFAED1]\n\tGetHandleVerifier [0x00007FF7C4488B1D+3217341]\n\tGetHandleVerifier [0x00007FF7C44D5AE3+3532675]\n\tGetHandleVerifier [0x00007FF7C44CB0E0+3489152]\n\tGetHandleVerifier [0x00007FF7C422E776+750614]\n\t(No symbol) [0x00007FF7C410375F]\n\t(No symbol) [0x00007FF7C40FEB14]\n\t(No symbol) [0x00007FF7C40FECA2]\n\t(No symbol) [0x00007FF7C40EE16F]\n\tBaseThreadInitThunk [0x00007FFC30CC7614+20]\n\tRtlUserThreadStart [0x00007FFC31FC26B1+33]\n"}} | headers=HTTPHeaderDict({'Content-Length': '1083', 'Content-Type': 'application/json; charset=utf-8', 'cache-control': 'no-cache'})
2024-07-06 13:21:48,893 : DEBUG : selenium.webdriver.remote.remote_connection : _request : 356 : Finished Request
2024-07-06 13:21:49,409 : DEBUG : selenium.webdriver.remote.remote_connection : _request : 313 : POST http://localhost:56249/session/9ad4843c07b310d6cab1da6d98a5fbfa/element {"using": "xpath", "value": "//button[@id='add-to-cart-sauce-labs-bike-light']"}
2024-07-06 13:21:49,441 : DEBUG : urllib3.connectionpool : _make_request : 547 : http://localhost:56249 "POST /session/9ad4843c07b310d6cab1da6d98a5fbfa/element HTTP/1.1" 404 0
2024-07-06 13:21:49,441 : DEBUG : selenium.webdriver.remote.remote_connection : _request : 329 : Remote response: status=404 | data={"value":{"error":"no such element","message":"no such element: Unable to locate element: {\"method\":\"xpath\",\"selector\":\"//button[@id='add-to-cart-sauce-labs-bike-light']\"}\n  (Session info: chrome=126.0.6478.127)","stacktrace":"\tGetHandleVerifier [0x00007FF7C417EEA2+31554]\n\t(No symbol) [0x00007FF7C40F7ED9]\n\t(No symbol) [0x00007FF7C3FB872A]\n\t(No symbol) [0x00007FF7C4008434]\n\t(No symbol) [0x00007FF7C400853C]\n\t(No symbol) [0x00007FF7C404F6A7]\n\t(No symbol) [0x00007FF7C402D06F]\n\t(No symbol) [0x00007FF7C404C977]\n\t(No symbol) [0x00007FF7C402CDD3]\n\t(No symbol) [0x00007FF7C3FFA33B]\n\t(No symbol) [0x00007FF7C3FFAED1]\n\tGetHandleVerifier [0x00007FF7C4488B1D+3217341]\n\tGetHandleVerifier [0x00007FF7C44D5AE3+3532675]\n\tGetHandleVerifier [0x00007FF7C44CB0E0+3489152]\n\tGetHandleVerifier [0x00007FF7C422E776+750614]\n\t(No symbol) [0x00007FF7C410375F]\n\t(No symbol) [0x00007FF7C40FEB14]\n\t(No symbol) [0x00007FF7C40FECA2]\n\t(No symbol) [0x00007FF7C40EE16F]\n\tBaseThreadInitThunk [0x00007FFC30CC7614+20]\n\tRtlUserThreadStart [0x00007FFC31FC26B1+33]\n"}} | headers=HTTPHeaderDict({'Content-Length': '1083', 'Content-Type': 'application/json; charset=utf-8', 'cache-control': 'no-cache'})
2024-07-06 13:21:49,441 : DEBUG : selenium.webdriver.remote.remote_connection : _request : 356 : Finished Request
2024-07-06 13:21:49,952 : DEBUG : selenium.webdriver.remote.remote_connection : _request : 313 : POST http://localhost:56249/session/9ad4843c07b310d6cab1da6d98a5fbfa/element {"using": "xpath", "value": "//button[@id='add-to-cart-sauce-labs-bike-light']"}
2024-07-06 13:21:49,983 : DEBUG : urllib3.connectionpool : _make_request : 547 : http://localhost:56249 "POST /session/9ad4843c07b310d6cab1da6d98a5fbfa/element HTTP/1.1" 404 0
2024-07-06 13:21:49,983 : DEBUG : selenium.webdriver.remote.remote_connection : _request : 329 : Remote response: status=404 | data={"value":{"error":"no such element","message":"no such element: Unable to locate element: {\"method\":\"xpath\",\"selector\":\"//button[@id='add-to-cart-sauce-labs-bike-light']\"}\n  (Session info: chrome=126.0.6478.127)","stacktrace":"\tGetHandleVerifier [0x00007FF7C417EEA2+31554]\n\t(No symbol) [0x00007FF7C40F7ED9]\n\t(No symbol) [0x00007FF7C3FB872A]\n\t(No symbol) [0x00007FF7C4008434]\n\t(No symbol) [0x00007FF7C400853C]\n\t(No symbol) [0x00007FF7C404F6A7]\n\t(No symbol) [0x00007FF7C402D06F]\n\t(No symbol) [0x00007FF7C404C977]\n\t(No symbol) [0x00007FF7C402CDD3]\n\t(No symbol) [0x00007FF7C3FFA33B]\n\t(No symbol) [0x00007FF7C3FFAED1]\n\tGetHandleVerifier [0x00007FF7C4488B1D+3217341]\n\tGetHandleVerifier [0x00007FF7C44D5AE3+3532675]\n\tGetHandleVerifier [0x00007FF7C44CB0E0+3489152]\n\tGetHandleVerifier [0x00007FF7C422E776+750614]\n\t(No symbol) [0x00007FF7C410375F]\n\t(No symbol) [0x00007FF7C40FEB14]\n\t(No symbol) [0x00007FF7C40FECA2]\n\t(No symbol) [0x00007FF7C40EE16F]\n\tBaseThreadInitThunk [0x00007FFC30CC7614+20]\n\tRtlUserThreadStart [0x00007FFC31FC26B1+33]\n"}} | headers=HTTPHeaderDict({'Content-Length': '1083', 'Content-Type': 'application/json; charset=utf-8', 'cache-control': 'no-cache'})
2024-07-06 13:21:49,983 : DEBUG : selenium.webdriver.remote.remote_connection : _request : 356 : Finished Request
2024-07-06 13:21:50,495 : DEBUG : selenium.webdriver.remote.remote_connection : _request : 313 : POST http://localhost:56249/session/9ad4843c07b310d6cab1da6d98a5fbfa/element {"using": "xpath", "value": "//button[@id='add-to-cart-sauce-labs-bike-light']"}
2024-07-06 13:21:50,526 : DEBUG : urllib3.connectionpool : _make_request : 547 : http://localhost:56249 "POST /session/9ad4843c07b310d6cab1da6d98a5fbfa/element HTTP/1.1" 404 0
2024-07-06 13:21:50,526 : DEBUG : selenium.webdriver.remote.remote_connection : _request : 329 : Remote response: status=404 | data={"value":{"error":"no such element","message":"no such element: Unable to locate element: {\"method\":\"xpath\",\"selector\":\"//button[@id='add-to-cart-sauce-labs-bike-light']\"}\n  (Session info: chrome=126.0.6478.127)","stacktrace":"\tGetHandleVerifier [0x00007FF7C417EEA2+31554]\n\t(No symbol) [0x00007FF7C40F7ED9]\n\t(No symbol) [0x00007FF7C3FB872A]\n\t(No symbol) [0x00007FF7C4008434]\n\t(No symbol) [0x00007FF7C400853C]\n\t(No symbol) [0x00007FF7C404F6A7]\n\t(No symbol) [0x00007FF7C402D06F]\n\t(No symbol) [0x00007FF7C404C977]\n\t(No symbol) [0x00007FF7C402CDD3]\n\t(No symbol) [0x00007FF7C3FFA33B]\n\t(No symbol) [0x00007FF7C3FFAED1]\n\tGetHandleVerifier [0x00007FF7C4488B1D+3217341]\n\tGetHandleVerifier [0x00007FF7C44D5AE3+3532675]\n\tGetHandleVerifier [0x00007FF7C44CB0E0+3489152]\n\tGetHandleVerifier [0x00007FF7C422E776+750614]\n\t(No symbol) [0x00007FF7C410375F]\n\t(No symbol) [0x00007FF7C40FEB14]\n\t(No symbol) [0x00007FF7C40FECA2]\n\t(No symbol) [0x00007FF7C40EE16F]\n\tBaseThreadInitThunk [0x00007FFC30CC7614+20]\n\tRtlUserThreadStart [0x00007FFC31FC26B1+33]\n"}} | headers=HTTPHeaderDict({'Content-Length': '1083', 'Content-Type': 'application/json; charset=utf-8', 'cache-control': 'no-cache'})
2024-07-06 13:21:50,526 : DEBUG : selenium.webdriver.remote.remote_connection : _request : 356 : Finished Request
2024-07-06 13:21:51,034 : DEBUG : selenium.webdriver.remote.remote_connection : _request : 313 : POST http://localhost:56249/session/9ad4843c07b310d6cab1da6d98a5fbfa/element {"using": "xpath", "value": "//button[@id='add-to-cart-sauce-labs-bike-light']"}
2024-07-06 13:21:51,065 : DEBUG : urllib3.connectionpool : _make_request : 547 : http://localhost:56249 "POST /session/9ad4843c07b310d6cab1da6d98a5fbfa/element HTTP/1.1" 404 0
2024-07-06 13:21:51,065 : DEBUG : selenium.webdriver.remote.remote_connection : _request : 329 : Remote response: status=404 | data={"value":{"error":"no such element","message":"no such element: Unable to locate element: {\"method\":\"xpath\",\"selector\":\"//button[@id='add-to-cart-sauce-labs-bike-light']\"}\n  (Session info: chrome=126.0.6478.127)","stacktrace":"\tGetHandleVerifier [0x00007FF7C417EEA2+31554]\n\t(No symbol) [0x00007FF7C40F7ED9]\n\t(No symbol) [0x00007FF7C3FB872A]\n\t(No symbol) [0x00007FF7C4008434]\n\t(No symbol) [0x00007FF7C400853C]\n\t(No symbol) [0x00007FF7C404F6A7]\n\t(No symbol) [0x00007FF7C402D06F]\n\t(No symbol) [0x00007FF7C404C977]\n\t(No symbol) [0x00007FF7C402CDD3]\n\t(No symbol) [0x00007FF7C3FFA33B]\n\t(No symbol) [0x00007FF7C3FFAED1]\n\tGetHandleVerifier [0x00007FF7C4488B1D+3217341]\n\tGetHandleVerifier [0x00007FF7C44D5AE3+3532675]\n\tGetHandleVerifier [0x00007FF7C44CB0E0+3489152]\n\tGetHandleVerifier [0x00007FF7C422E776+750614]\n\t(No symbol) [0x00007FF7C410375F]\n\t(No symbol) [0x00007FF7C40FEB14]\n\t(No symbol) [0x00007FF7C40FECA2]\n\t(No symbol) [0x00007FF7C40EE16F]\n\tBaseThreadInitThunk [0x00007FFC30CC7614+20]\n\tRtlUserThreadStart [0x00007FFC31FC26B1+33]\n"}} | headers=HTTPHeaderDict({'Content-Length': '1083', 'Content-Type': 'application/json; charset=utf-8', 'cache-control': 'no-cache'})
2024-07-06 13:21:51,065 : DEBUG : selenium.webdriver.remote.remote_connection : _request : 356 : Finished Request
2024-07-06 13:21:51,573 : DEBUG : selenium.webdriver.remote.remote_connection : _request : 313 : POST http://localhost:56249/session/9ad4843c07b310d6cab1da6d98a5fbfa/element {"using": "xpath", "value": "//button[@id='add-to-cart-sauce-labs-bike-light']"}
2024-07-06 13:21:51,608 : DEBUG : urllib3.connectionpool : _make_request : 547 : http://localhost:56249 "POST /session/9ad4843c07b310d6cab1da6d98a5fbfa/element HTTP/1.1" 404 0
2024-07-06 13:21:51,608 : DEBUG : selenium.webdriver.remote.remote_connection : _request : 329 : Remote response: status=404 | data={"value":{"error":"no such element","message":"no such element: Unable to locate element: {\"method\":\"xpath\",\"selector\":\"//button[@id='add-to-cart-sauce-labs-bike-light']\"}\n  (Session info: chrome=126.0.6478.127)","stacktrace":"\tGetHandleVerifier [0x00007FF7C417EEA2+31554]\n\t(No symbol) [0x00007FF7C40F7ED9]\n\t(No symbol) [0x00007FF7C3FB872A]\n\t(No symbol) [0x00007FF7C4008434]\n\t(No symbol) [0x00007FF7C400853C]\n\t(No symbol) [0x00007FF7C404F6A7]\n\t(No symbol) [0x00007FF7C402D06F]\n\t(No symbol) [0x00007FF7C404C977]\n\t(No symbol) [0x00007FF7C402CDD3]\n\t(No symbol) [0x00007FF7C3FFA33B]\n\t(No symbol) [0x00007FF7C3FFAED1]\n\tGetHandleVerifier [0x00007FF7C4488B1D+3217341]\n\tGetHandleVerifier [0x00007FF7C44D5AE3+3532675]\n\tGetHandleVerifier [0x00007FF7C44CB0E0+3489152]\n\tGetHandleVerifier [0x00007FF7C422E776+750614]\n\t(No symbol) [0x00007FF7C410375F]\n\t(No symbol) [0x00007FF7C40FEB14]\n\t(No symbol) [0x00007FF7C40FECA2]\n\t(No symbol) [0x00007FF7C40EE16F]\n\tBaseThreadInitThunk [0x00007FFC30CC7614+20]\n\tRtlUserThreadStart [0x00007FFC31FC26B1+33]\n"}} | headers=HTTPHeaderDict({'Content-Length': '1083', 'Content-Type': 'application/json; charset=utf-8', 'cache-control': 'no-cache'})
2024-07-06 13:21:51,608 : DEBUG : selenium.webdriver.remote.remote_connection : _request : 356 : Finished Request
2024-07-06 13:21:52,123 : DEBUG : selenium.webdriver.remote.remote_connection : _request : 313 : POST http://localhost:56249/session/9ad4843c07b310d6cab1da6d98a5fbfa/element {"using": "xpath", "value": "//button[@id='add-to-cart-sauce-labs-bike-light']"}
2024-07-06 13:21:52,160 : DEBUG : urllib3.connectionpool : _make_request : 547 : http://localhost:56249 "POST /session/9ad4843c07b310d6cab1da6d98a5fbfa/element HTTP/1.1" 404 0
2024-07-06 13:21:52,160 : DEBUG : selenium.webdriver.remote.remote_connection : _request : 329 : Remote response: status=404 | data={"value":{"error":"no such element","message":"no such element: Unable to locate element: {\"method\":\"xpath\",\"selector\":\"//button[@id='add-to-cart-sauce-labs-bike-light']\"}\n  (Session info: chrome=126.0.6478.127)","stacktrace":"\tGetHandleVerifier [0x00007FF7C417EEA2+31554]\n\t(No symbol) [0x00007FF7C40F7ED9]\n\t(No symbol) [0x00007FF7C3FB872A]\n\t(No symbol) [0x00007FF7C4008434]\n\t(No symbol) [0x00007FF7C400853C]\n\t(No symbol) [0x00007FF7C404F6A7]\n\t(No symbol) [0x00007FF7C402D06F]\n\t(No symbol) [0x00007FF7C404C977]\n\t(No symbol) [0x00007FF7C402CDD3]\n\t(No symbol) [0x00007FF7C3FFA33B]\n\t(No symbol) [0x00007FF7C3FFAED1]\n\tGetHandleVerifier [0x00007FF7C4488B1D+3217341]\n\tGetHandleVerifier [0x00007FF7C44D5AE3+3532675]\n\tGetHandleVerifier [0x00007FF7C44CB0E0+3489152]\n\tGetHandleVerifier [0x00007FF7C422E776+750614]\n\t(No symbol) [0x00007FF7C410375F]\n\t(No symbol) [0x00007FF7C40FEB14]\n\t(No symbol) [0x00007FF7C40FECA2]\n\t(No symbol) [0x00007FF7C40EE16F]\n\tBaseThreadInitThunk [0x00007FFC30CC7614+20]\n\tRtlUserThreadStart [0x00007FFC31FC26B1+33]\n"}} | headers=HTTPHeaderDict({'Content-Length': '1083', 'Content-Type': 'application/json; charset=utf-8', 'cache-control': 'no-cache'})
2024-07-06 13:21:52,160 : DEBUG : selenium.webdriver.remote.remote_connection : _request : 356 : Finished Request
2024-07-06 13:21:52,668 : DEBUG : selenium.webdriver.remote.remote_connection : _request : 313 : POST http://localhost:56249/session/9ad4843c07b310d6cab1da6d98a5fbfa/element {"using": "xpath", "value": "//button[@id='add-to-cart-sauce-labs-bike-light']"}
2024-07-06 13:21:52,700 : DEBUG : urllib3.connectionpool : _make_request : 547 : http://localhost:56249 "POST /session/9ad4843c07b310d6cab1da6d98a5fbfa/element HTTP/1.1" 404 0
2024-07-06 13:21:52,700 : DEBUG : selenium.webdriver.remote.remote_connection : _request : 329 : Remote response: status=404 | data={"value":{"error":"no such element","message":"no such element: Unable to locate element: {\"method\":\"xpath\",\"selector\":\"//button[@id='add-to-cart-sauce-labs-bike-light']\"}\n  (Session info: chrome=126.0.6478.127)","stacktrace":"\tGetHandleVerifier [0x00007FF7C417EEA2+31554]\n\t(No symbol) [0x00007FF7C40F7ED9]\n\t(No symbol) [0x00007FF7C3FB872A]\n\t(No symbol) [0x00007FF7C4008434]\n\t(No symbol) [0x00007FF7C400853C]\n\t(No symbol) [0x00007FF7C404F6A7]\n\t(No symbol) [0x00007FF7C402D06F]\n\t(No symbol) [0x00007FF7C404C977]\n\t(No symbol) [0x00007FF7C402CDD3]\n\t(No symbol) [0x00007FF7C3FFA33B]\n\t(No symbol) [0x00007FF7C3FFAED1]\n\tGetHandleVerifier [0x00007FF7C4488B1D+3217341]\n\tGetHandleVerifier [0x00007FF7C44D5AE3+3532675]\n\tGetHandleVerifier [0x00007FF7C44CB0E0+3489152]\n\tGetHandleVerifier [0x00007FF7C422E776+750614]\n\t(No symbol) [0x00007FF7C410375F]\n\t(No symbol) [0x00007FF7C40FEB14]\n\t(No symbol) [0x00007FF7C40FECA2]\n\t(No symbol) [0x00007FF7C40EE16F]\n\tBaseThreadInitThunk [0x00007FFC30CC7614+20]\n\tRtlUserThreadStart [0x00007FFC31FC26B1+33]\n"}} | headers=HTTPHeaderDict({'Content-Length': '1083', 'Content-Type': 'application/json; charset=utf-8', 'cache-control': 'no-cache'})
2024-07-06 13:21:52,700 : DEBUG : selenium.webdriver.remote.remote_connection : _request : 356 : Finished Request
2024-07-06 13:21:53,214 : DEBUG : selenium.webdriver.remote.remote_connection : _request : 313 : POST http://localhost:56249/session/9ad4843c07b310d6cab1da6d98a5fbfa/element {"using": "xpath", "value": "//button[@id='add-to-cart-sauce-labs-bike-light']"}
2024-07-06 13:21:53,245 : DEBUG : urllib3.connectionpool : _make_request : 547 : http://localhost:56249 "POST /session/9ad4843c07b310d6cab1da6d98a5fbfa/element HTTP/1.1" 404 0
2024-07-06 13:21:53,245 : DEBUG : selenium.webdriver.remote.remote_connection : _request : 329 : Remote response: status=404 | data={"value":{"error":"no such element","message":"no such element: Unable to locate element: {\"method\":\"xpath\",\"selector\":\"//button[@id='add-to-cart-sauce-labs-bike-light']\"}\n  (Session info: chrome=126.0.6478.127)","stacktrace":"\tGetHandleVerifier [0x00007FF7C417EEA2+31554]\n\t(No symbol) [0x00007FF7C40F7ED9]\n\t(No symbol) [0x00007FF7C3FB872A]\n\t(No symbol) [0x00007FF7C4008434]\n\t(No symbol) [0x00007FF7C400853C]\n\t(No symbol) [0x00007FF7C404F6A7]\n\t(No symbol) [0x00007FF7C402D06F]\n\t(No symbol) [0x00007FF7C404C977]\n\t(No symbol) [0x00007FF7C402CDD3]\n\t(No symbol) [0x00007FF7C3FFA33B]\n\t(No symbol) [0x00007FF7C3FFAED1]\n\tGetHandleVerifier [0x00007FF7C4488B1D+3217341]\n\tGetHandleVerifier [0x00007FF7C44D5AE3+3532675]\n\tGetHandleVerifier [0x00007FF7C44CB0E0+3489152]\n\tGetHandleVerifier [0x00007FF7C422E776+750614]\n\t(No symbol) [0x00007FF7C410375F]\n\t(No symbol) [0x00007FF7C40FEB14]\n\t(No symbol) [0x00007FF7C40FECA2]\n\t(No symbol) [0x00007FF7C40EE16F]\n\tBaseThreadInitThunk [0x00007FFC30CC7614+20]\n\tRtlUserThreadStart [0x00007FFC31FC26B1+33]\n"}} | headers=HTTPHeaderDict({'Content-Length': '1083', 'Content-Type': 'application/json; charset=utf-8', 'cache-control': 'no-cache'})
2024-07-06 13:21:53,245 : DEBUG : selenium.webdriver.remote.remote_connection : _request : 356 : Finished Request
2024-07-06 13:21:53,762 : DEBUG : selenium.webdriver.remote.remote_connection : _request : 313 : POST http://localhost:56249/session/9ad4843c07b310d6cab1da6d98a5fbfa/element {"using": "xpath", "value": "//button[@id='add-to-cart-sauce-labs-bike-light']"}
2024-07-06 13:21:53,778 : DEBUG : urllib3.connectionpool : _make_request : 547 : http://localhost:56249 "POST /session/9ad4843c07b310d6cab1da6d98a5fbfa/element HTTP/1.1" 404 0
2024-07-06 13:21:53,778 : DEBUG : selenium.webdriver.remote.remote_connection : _request : 329 : Remote response: status=404 | data={"value":{"error":"no such element","message":"no such element: Unable to locate element: {\"method\":\"xpath\",\"selector\":\"//button[@id='add-to-cart-sauce-labs-bike-light']\"}\n  (Session info: chrome=126.0.6478.127)","stacktrace":"\tGetHandleVerifier [0x00007FF7C417EEA2+31554]\n\t(No symbol) [0x00007FF7C40F7ED9]\n\t(No symbol) [0x00007FF7C3FB872A]\n\t(No symbol) [0x00007FF7C4008434]\n\t(No symbol) [0x00007FF7C400853C]\n\t(No symbol) [0x00007FF7C404F6A7]\n\t(No symbol) [0x00007FF7C402D06F]\n\t(No symbol) [0x00007FF7C404C977]\n\t(No symbol) [0x00007FF7C402CDD3]\n\t(No symbol) [0x00007FF7C3FFA33B]\n\t(No symbol) [0x00007FF7C3FFAED1]\n\tGetHandleVerifier [0x00007FF7C4488B1D+3217341]\n\tGetHandleVerifier [0x00007FF7C44D5AE3+3532675]\n\tGetHandleVerifier [0x00007FF7C44CB0E0+3489152]\n\tGetHandleVerifier [0x00007FF7C422E776+750614]\n\t(No symbol) [0x00007FF7C410375F]\n\t(No symbol) [0x00007FF7C40FEB14]\n\t(No symbol) [0x00007FF7C40FECA2]\n\t(No symbol) [0x00007FF7C40EE16F]\n\tBaseThreadInitThunk [0x00007FFC30CC7614+20]\n\tRtlUserThreadStart [0x00007FFC31FC26B1+33]\n"}} | headers=HTTPHeaderDict({'Content-Length': '1083', 'Content-Type': 'application/json; charset=utf-8', 'cache-control': 'no-cache'})
2024-07-06 13:21:53,778 : DEBUG : selenium.webdriver.remote.remote_connection : _request : 356 : Finished Request
2024-07-06 13:21:54,288 : DEBUG : selenium.webdriver.remote.remote_connection : _request : 313 : POST http://localhost:56249/session/9ad4843c07b310d6cab1da6d98a5fbfa/element {"using": "xpath", "value": "//button[@id='add-to-cart-sauce-labs-bike-light']"}
2024-07-06 13:21:54,320 : DEBUG : urllib3.connectionpool : _make_request : 547 : http://localhost:56249 "POST /session/9ad4843c07b310d6cab1da6d98a5fbfa/element HTTP/1.1" 404 0
2024-07-06 13:21:54,320 : DEBUG : selenium.webdriver.remote.remote_connection : _request : 329 : Remote response: status=404 | data={"value":{"error":"no such element","message":"no such element: Unable to locate element: {\"method\":\"xpath\",\"selector\":\"//button[@id='add-to-cart-sauce-labs-bike-light']\"}\n  (Session info: chrome=126.0.6478.127)","stacktrace":"\tGetHandleVerifier [0x00007FF7C417EEA2+31554]\n\t(No symbol) [0x00007FF7C40F7ED9]\n\t(No symbol) [0x00007FF7C3FB872A]\n\t(No symbol) [0x00007FF7C4008434]\n\t(No symbol) [0x00007FF7C400853C]\n\t(No symbol) [0x00007FF7C404F6A7]\n\t(No symbol) [0x00007FF7C402D06F]\n\t(No symbol) [0x00007FF7C404C977]\n\t(No symbol) [0x00007FF7C402CDD3]\n\t(No symbol) [0x00007FF7C3FFA33B]\n\t(No symbol) [0x00007FF7C3FFAED1]\n\tGetHandleVerifier [0x00007FF7C4488B1D+3217341]\n\tGetHandleVerifier [0x00007FF7C44D5AE3+3532675]\n\tGetHandleVerifier [0x00007FF7C44CB0E0+3489152]\n\tGetHandleVerifier [0x00007FF7C422E776+750614]\n\t(No symbol) [0x00007FF7C410375F]\n\t(No symbol) [0x00007FF7C40FEB14]\n\t(No symbol) [0x00007FF7C40FECA2]\n\t(No symbol) [0x00007FF7C40EE16F]\n\tBaseThreadInitThunk [0x00007FFC30CC7614+20]\n\tRtlUserThreadStart [0x00007FFC31FC26B1+33]\n"}} | headers=HTTPHeaderDict({'Content-Length': '1083', 'Content-Type': 'application/json; charset=utf-8', 'cache-control': 'no-cache'})
2024-07-06 13:21:54,320 : DEBUG : selenium.webdriver.remote.remote_connection : _request : 356 : Finished Request
2024-07-06 13:21:54,834 : DEBUG : selenium.webdriver.remote.remote_connection : _request : 313 : POST http://localhost:56249/session/9ad4843c07b310d6cab1da6d98a5fbfa/element {"using": "xpath", "value": "//button[@id='add-to-cart-sauce-labs-bike-light']"}
2024-07-06 13:21:54,866 : DEBUG : urllib3.connectionpool : _make_request : 547 : http://localhost:56249 "POST /session/9ad4843c07b310d6cab1da6d98a5fbfa/element HTTP/1.1" 404 0
2024-07-06 13:21:54,866 : DEBUG : selenium.webdriver.remote.remote_connection : _request : 329 : Remote response: status=404 | data={"value":{"error":"no such element","message":"no such element: Unable to locate element: {\"method\":\"xpath\",\"selector\":\"//button[@id='add-to-cart-sauce-labs-bike-light']\"}\n  (Session info: chrome=126.0.6478.127)","stacktrace":"\tGetHandleVerifier [0x00007FF7C417EEA2+31554]\n\t(No symbol) [0x00007FF7C40F7ED9]\n\t(No symbol) [0x00007FF7C3FB872A]\n\t(No symbol) [0x00007FF7C4008434]\n\t(No symbol) [0x00007FF7C400853C]\n\t(No symbol) [0x00007FF7C404F6A7]\n\t(No symbol) [0x00007FF7C402D06F]\n\t(No symbol) [0x00007FF7C404C977]\n\t(No symbol) [0x00007FF7C402CDD3]\n\t(No symbol) [0x00007FF7C3FFA33B]\n\t(No symbol) [0x00007FF7C3FFAED1]\n\tGetHandleVerifier [0x00007FF7C4488B1D+3217341]\n\tGetHandleVerifier [0x00007FF7C44D5AE3+3532675]\n\tGetHandleVerifier [0x00007FF7C44CB0E0+3489152]\n\tGetHandleVerifier [0x00007FF7C422E776+750614]\n\t(No symbol) [0x00007FF7C410375F]\n\t(No symbol) [0x00007FF7C40FEB14]\n\t(No symbol) [0x00007FF7C40FECA2]\n\t(No symbol) [0x00007FF7C40EE16F]\n\tBaseThreadInitThunk [0x00007FFC30CC7614+20]\n\tRtlUserThreadStart [0x00007FFC31FC26B1+33]\n"}} | headers=HTTPHeaderDict({'Content-Length': '1083', 'Content-Type': 'application/json; charset=utf-8', 'cache-control': 'no-cache'})
2024-07-06 13:21:54,866 : DEBUG : selenium.webdriver.remote.remote_connection : _request : 356 : Finished Request
2024-07-06 13:21:55,375 : DEBUG : selenium.webdriver.remote.remote_connection : _request : 313 : POST http://localhost:56249/session/9ad4843c07b310d6cab1da6d98a5fbfa/element {"using": "xpath", "value": "//button[@id='add-to-cart-sauce-labs-bike-light']"}
2024-07-06 13:21:55,391 : DEBUG : urllib3.connectionpool : _make_request : 547 : http://localhost:56249 "POST /session/9ad4843c07b310d6cab1da6d98a5fbfa/element HTTP/1.1" 404 0
2024-07-06 13:21:55,391 : DEBUG : selenium.webdriver.remote.remote_connection : _request : 329 : Remote response: status=404 | data={"value":{"error":"no such element","message":"no such element: Unable to locate element: {\"method\":\"xpath\",\"selector\":\"//button[@id='add-to-cart-sauce-labs-bike-light']\"}\n  (Session info: chrome=126.0.6478.127)","stacktrace":"\tGetHandleVerifier [0x00007FF7C417EEA2+31554]\n\t(No symbol) [0x00007FF7C40F7ED9]\n\t(No symbol) [0x00007FF7C3FB872A]\n\t(No symbol) [0x00007FF7C4008434]\n\t(No symbol) [0x00007FF7C400853C]\n\t(No symbol) [0x00007FF7C404F6A7]\n\t(No symbol) [0x00007FF7C402D06F]\n\t(No symbol) [0x00007FF7C404C977]\n\t(No symbol) [0x00007FF7C402CDD3]\n\t(No symbol) [0x00007FF7C3FFA33B]\n\t(No symbol) [0x00007FF7C3FFAED1]\n\tGetHandleVerifier [0x00007FF7C4488B1D+3217341]\n\tGetHandleVerifier [0x00007FF7C44D5AE3+3532675]\n\tGetHandleVerifier [0x00007FF7C44CB0E0+3489152]\n\tGetHandleVerifier [0x00007FF7C422E776+750614]\n\t(No symbol) [0x00007FF7C410375F]\n\t(No symbol) [0x00007FF7C40FEB14]\n\t(No symbol) [0x00007FF7C40FECA2]\n\t(No symbol) [0x00007FF7C40EE16F]\n\tBaseThreadInitThunk [0x00007FFC30CC7614+20]\n\tRtlUserThreadStart [0x00007FFC31FC26B1+33]\n"}} | headers=HTTPHeaderDict({'Content-Length': '1083', 'Content-Type': 'application/json; charset=utf-8', 'cache-control': 'no-cache'})
2024-07-06 13:21:55,391 : DEBUG : selenium.webdriver.remote.remote_connection : _request : 356 : Finished Request
2024-07-06 13:21:55,893 : DEBUG : selenium.webdriver.remote.remote_connection : _request : 313 : POST http://localhost:56249/session/9ad4843c07b310d6cab1da6d98a5fbfa/element {"using": "xpath", "value": "//button[@id='add-to-cart-sauce-labs-bike-light']"}
2024-07-06 13:21:55,925 : DEBUG : urllib3.connectionpool : _make_request : 547 : http://localhost:56249 "POST /session/9ad4843c07b310d6cab1da6d98a5fbfa/element HTTP/1.1" 404 0
2024-07-06 13:21:55,925 : DEBUG : selenium.webdriver.remote.remote_connection : _request : 329 : Remote response: status=404 | data={"value":{"error":"no such element","message":"no such element: Unable to locate element: {\"method\":\"xpath\",\"selector\":\"//button[@id='add-to-cart-sauce-labs-bike-light']\"}\n  (Session info: chrome=126.0.6478.127)","stacktrace":"\tGetHandleVerifier [0x00007FF7C417EEA2+31554]\n\t(No symbol) [0x00007FF7C40F7ED9]\n\t(No symbol) [0x00007FF7C3FB872A]\n\t(No symbol) [0x00007FF7C4008434]\n\t(No symbol) [0x00007FF7C400853C]\n\t(No symbol) [0x00007FF7C404F6A7]\n\t(No symbol) [0x00007FF7C402D06F]\n\t(No symbol) [0x00007FF7C404C977]\n\t(No symbol) [0x00007FF7C402CDD3]\n\t(No symbol) [0x00007FF7C3FFA33B]\n\t(No symbol) [0x00007FF7C3FFAED1]\n\tGetHandleVerifier [0x00007FF7C4488B1D+3217341]\n\tGetHandleVerifier [0x00007FF7C44D5AE3+3532675]\n\tGetHandleVerifier [0x00007FF7C44CB0E0+3489152]\n\tGetHandleVerifier [0x00007FF7C422E776+750614]\n\t(No symbol) [0x00007FF7C410375F]\n\t(No symbol) [0x00007FF7C40FEB14]\n\t(No symbol) [0x00007FF7C40FECA2]\n\t(No symbol) [0x00007FF7C40EE16F]\n\tBaseThreadInitThunk [0x00007FFC30CC7614+20]\n\tRtlUserThreadStart [0x00007FFC31FC26B1+33]\n"}} | headers=HTTPHeaderDict({'Content-Length': '1083', 'Content-Type': 'application/json; charset=utf-8', 'cache-control': 'no-cache'})
2024-07-06 13:21:55,925 : DEBUG : selenium.webdriver.remote.remote_connection : _request : 356 : Finished Request
2024-07-07 08:31:12,244 : DEBUG : selenium.webdriver.common.selenium_manager : get_binary : 63 : Selenium Manager binary found at: C:\Users\kiran patil\PycharmProjects\saucedemo1\venv\Lib\site-packages\selenium\webdriver\common\windows\selenium-manager.exe
2024-07-07 08:31:12,260 : DEBUG : selenium.webdriver.common.selenium_manager : run : 120 : Executing process: C:\Users\kiran patil\PycharmProjects\saucedemo1\venv\Lib\site-packages\selenium\webdriver\common\windows\selenium-manager.exe --browser chrome --debug --output json
2024-07-07 08:31:25,170 : DEBUG : selenium.webdriver.common.selenium_manager : run : 137 : Found chromedriver 126.0.6478.126 in PATH: C:\Python\Python311\Scripts\chromedriver.exe
2024-07-07 08:31:25,186 : DEBUG : selenium.webdriver.common.selenium_manager : run : 137 : chrome detected at C:\Program Files\Google\Chrome\Application\chrome.exe
2024-07-07 08:31:25,186 : DEBUG : selenium.webdriver.common.selenium_manager : run : 137 : Running command: wmic datafile where name='C:\\Program Files\\Google\\Chrome\\Application\\chrome.exe' get Version /value
2024-07-07 08:31:25,186 : DEBUG : selenium.webdriver.common.selenium_manager : run : 137 : Output: "\r\r\n\r\r\nVersion=126.0.6478.127\r\r\n\r\r\n\r\r\n\r"
2024-07-07 08:31:25,186 : DEBUG : selenium.webdriver.common.selenium_manager : run : 137 : Detected browser: chrome 126.0.6478.127
2024-07-07 08:31:25,186 : DEBUG : selenium.webdriver.common.selenium_manager : run : 137 : Discovering versions from https://googlechromelabs.github.io/chrome-for-testing/known-good-versions-with-downloads.json
2024-07-07 08:31:25,186 : DEBUG : selenium.webdriver.common.selenium_manager : run : 137 : Required driver: chromedriver 126.0.6478.126
2024-07-07 08:31:25,186 : DEBUG : selenium.webdriver.common.selenium_manager : run : 137 : Driver path: C:\Python\Python311\Scripts\chromedriver.exe
2024-07-07 08:31:25,186 : DEBUG : selenium.webdriver.common.selenium_manager : run : 137 : Browser path: C:\Program Files\Google\Chrome\Application\chrome.exe
2024-07-07 08:31:25,186 : DEBUG : selenium.webdriver.common.selenium_manager : driver_location : 98 : Using driver at: C:\Python\Python311\Scripts\chromedriver.exe
2024-07-07 08:31:25,202 : DEBUG : selenium.webdriver.common.service : _start_process : 215 : Started executable: `C:\Python\Python311\Scripts\chromedriver.exe` in a child process with pid: 13548
2024-07-07 08:31:25,764 : DEBUG : selenium.webdriver.remote.remote_connection : _request : 313 : POST http://localhost:65449/session {"capabilities": {"firstMatch": [{}], "alwaysMatch": {"browserName": "chrome", "pageLoadStrategy": "normal", "browserVersion": null, "goog:chromeOptions": {"extensions": [], "binary": "C:\\Program Files\\Google\\Chrome\\Application\\chrome.exe", "args": []}}}}
2024-07-07 08:31:25,764 : DEBUG : urllib3.connectionpool : _new_conn : 245 : Starting new HTTP connection (1): localhost:65449
2024-07-07 08:31:34,166 : DEBUG : urllib3.connectionpool : _make_request : 547 : http://localhost:65449 "POST /session HTTP/1.1" 200 0
2024-07-07 08:31:34,166 : DEBUG : selenium.webdriver.remote.remote_connection : _request : 329 : Remote response: status=200 | data={"value":{"capabilities":{"acceptInsecureCerts":false,"browserName":"chrome","browserVersion":"126.0.6478.127","chrome":{"chromedriverVersion":"126.0.6478.126 (d36ace6122e0a59570e258d82441395206d60e1c-refs/branch-heads/6478@{#1591})","userDataDir":"C:\\Users\\KIRANP~1\\AppData\\Local\\Temp\\scoped_dir13548_907152026"},"fedcm:accounts":true,"goog:chromeOptions":{"debuggerAddress":"localhost:65456"},"networkConnectionEnabled":false,"pageLoadStrategy":"normal","platformName":"windows","proxy":{},"setWindowRect":true,"strictFileInteractability":false,"timeouts":{"implicit":0,"pageLoad":300000,"script":30000},"unhandledPromptBehavior":"dismiss and notify","webauthn:extension:credBlob":true,"webauthn:extension:largeBlob":true,"webauthn:extension:minPinLength":true,"webauthn:extension:prf":true,"webauthn:virtualAuthenticators":true},"sessionId":"8228646ad83242fffdc4cf1e47df6a82"}} | headers=HTTPHeaderDict({'Content-Length': '886', 'Content-Type': 'application/json; charset=utf-8', 'cache-control': 'no-cache'})
2024-07-07 08:31:34,166 : DEBUG : selenium.webdriver.remote.remote_connection : _request : 356 : Finished Request
2024-07-07 08:31:34,172 : INFO : root : test001_AddMultiProductToCart : 14 : ******* Starting test_001_Remove_from_cart **********
2024-07-07 08:31:34,176 : DEBUG : selenium.webdriver.remote.remote_connection : _request : 313 : POST http://localhost:65449/session/8228646ad83242fffdc4cf1e47df6a82/url {"url": " https://www.saucedemo.com/"}
2024-07-07 08:31:56,784 : DEBUG : urllib3.connectionpool : _make_request : 547 : http://localhost:65449 "POST /session/8228646ad83242fffdc4cf1e47df6a82/url HTTP/1.1" 200 0
2024-07-07 08:31:56,784 : DEBUG : selenium.webdriver.remote.remote_connection : _request : 329 : Remote response: status=200 | data={"value":null} | headers=HTTPHeaderDict({'Content-Length': '14', 'Content-Type': 'application/json; charset=utf-8', 'cache-control': 'no-cache'})
2024-07-07 08:31:56,784 : DEBUG : selenium.webdriver.remote.remote_connection : _request : 356 : Finished Request
2024-07-07 08:31:56,784 : DEBUG : selenium.webdriver.remote.remote_connection : _request : 313 : POST http://localhost:65449/session/8228646ad83242fffdc4cf1e47df6a82/window/maximize {}
2024-07-07 08:31:57,218 : DEBUG : urllib3.connectionpool : _make_request : 547 : http://localhost:65449 "POST /session/8228646ad83242fffdc4cf1e47df6a82/window/maximize HTTP/1.1" 200 0
2024-07-07 08:31:57,218 : DEBUG : selenium.webdriver.remote.remote_connection : _request : 329 : Remote response: status=200 | data={"value":{"height":784,"width":1382,"x":-8,"y":-8}} | headers=HTTPHeaderDict({'Content-Length': '51', 'Content-Type': 'application/json; charset=utf-8', 'cache-control': 'no-cache'})
2024-07-07 08:31:57,218 : DEBUG : selenium.webdriver.remote.remote_connection : _request : 356 : Finished Request
2024-07-07 08:31:57,218 : DEBUG : selenium.webdriver.remote.remote_connection : _request : 313 : POST http://localhost:65449/session/8228646ad83242fffdc4cf1e47df6a82/element {"using": "xpath", "value": "//input[@id='user-name']"}
2024-07-07 08:31:58,376 : DEBUG : urllib3.connectionpool : _make_request : 547 : http://localhost:65449 "POST /session/8228646ad83242fffdc4cf1e47df6a82/element HTTP/1.1" 200 0
2024-07-07 08:31:58,376 : DEBUG : selenium.webdriver.remote.remote_connection : _request : 329 : Remote response: status=200 | data={"value":{"element-6066-11e4-a52e-4f735466cecf":"f.771232AEBB60C04F4C1E05A48D6C906F.d.F3207C1D035BEEC340076DEB790CE3B7.e.3"}} | headers=HTTPHeaderDict({'Content-Length': '125', 'Content-Type': 'application/json; charset=utf-8', 'cache-control': 'no-cache'})
2024-07-07 08:31:58,376 : DEBUG : selenium.webdriver.remote.remote_connection : _request : 356 : Finished Request
2024-07-07 08:31:58,376 : DEBUG : selenium.webdriver.remote.remote_connection : _request : 313 : POST http://localhost:65449/session/8228646ad83242fffdc4cf1e47df6a82/element/f.771232AEBB60C04F4C1E05A48D6C906F.d.F3207C1D035BEEC340076DEB790CE3B7.e.3/value {"text": "standard_user", "value": ["s", "t", "a", "n", "d", "a", "r", "d", "_", "u", "s", "e", "r"]}
2024-07-07 08:32:00,239 : DEBUG : urllib3.connectionpool : _make_request : 547 : http://localhost:65449 "POST /session/8228646ad83242fffdc4cf1e47df6a82/element/f.771232AEBB60C04F4C1E05A48D6C906F.d.F3207C1D035BEEC340076DEB790CE3B7.e.3/value HTTP/1.1" 200 0
2024-07-07 08:32:00,239 : DEBUG : selenium.webdriver.remote.remote_connection : _request : 329 : Remote response: status=200 | data={"value":null} | headers=HTTPHeaderDict({'Content-Length': '14', 'Content-Type': 'application/json; charset=utf-8', 'cache-control': 'no-cache'})
2024-07-07 08:32:00,239 : DEBUG : selenium.webdriver.remote.remote_connection : _request : 356 : Finished Request
2024-07-07 08:32:00,244 : DEBUG : selenium.webdriver.remote.remote_connection : _request : 313 : POST http://localhost:65449/session/8228646ad83242fffdc4cf1e47df6a82/element {"using": "xpath", "value": "//input[@id='password']"}
2024-07-07 08:32:00,269 : DEBUG : urllib3.connectionpool : _make_request : 547 : http://localhost:65449 "POST /session/8228646ad83242fffdc4cf1e47df6a82/element HTTP/1.1" 200 0
2024-07-07 08:32:00,269 : DEBUG : selenium.webdriver.remote.remote_connection : _request : 329 : Remote response: status=200 | data={"value":{"element-6066-11e4-a52e-4f735466cecf":"f.771232AEBB60C04F4C1E05A48D6C906F.d.F3207C1D035BEEC340076DEB790CE3B7.e.4"}} | headers=HTTPHeaderDict({'Content-Length': '125', 'Content-Type': 'application/json; charset=utf-8', 'cache-control': 'no-cache'})
2024-07-07 08:32:00,269 : DEBUG : selenium.webdriver.remote.remote_connection : _request : 356 : Finished Request
2024-07-07 08:32:00,269 : DEBUG : selenium.webdriver.remote.remote_connection : _request : 313 : POST http://localhost:65449/session/8228646ad83242fffdc4cf1e47df6a82/element/f.771232AEBB60C04F4C1E05A48D6C906F.d.F3207C1D035BEEC340076DEB790CE3B7.e.4/value {"text": "secret_sauce", "value": ["s", "e", "c", "r", "e", "t", "_", "s", "a", "u", "c", "e"]}
2024-07-07 08:32:00,393 : DEBUG : urllib3.connectionpool : _make_request : 547 : http://localhost:65449 "POST /session/8228646ad83242fffdc4cf1e47df6a82/element/f.771232AEBB60C04F4C1E05A48D6C906F.d.F3207C1D035BEEC340076DEB790CE3B7.e.4/value HTTP/1.1" 200 0
2024-07-07 08:32:00,393 : DEBUG : selenium.webdriver.remote.remote_connection : _request : 329 : Remote response: status=200 | data={"value":null} | headers=HTTPHeaderDict({'Content-Length': '14', 'Content-Type': 'application/json; charset=utf-8', 'cache-control': 'no-cache'})
2024-07-07 08:32:00,398 : DEBUG : selenium.webdriver.remote.remote_connection : _request : 356 : Finished Request
2024-07-07 08:32:00,398 : DEBUG : selenium.webdriver.remote.remote_connection : _request : 313 : POST http://localhost:65449/session/8228646ad83242fffdc4cf1e47df6a82/element {"using": "xpath", "value": "//input[@id='login-button']"}
2024-07-07 08:32:00,427 : DEBUG : urllib3.connectionpool : _make_request : 547 : http://localhost:65449 "POST /session/8228646ad83242fffdc4cf1e47df6a82/element HTTP/1.1" 200 0
2024-07-07 08:32:00,435 : DEBUG : selenium.webdriver.remote.remote_connection : _request : 329 : Remote response: status=200 | data={"value":{"element-6066-11e4-a52e-4f735466cecf":"f.771232AEBB60C04F4C1E05A48D6C906F.d.F3207C1D035BEEC340076DEB790CE3B7.e.5"}} | headers=HTTPHeaderDict({'Content-Length': '125', 'Content-Type': 'application/json; charset=utf-8', 'cache-control': 'no-cache'})
2024-07-07 08:32:00,435 : DEBUG : selenium.webdriver.remote.remote_connection : _request : 356 : Finished Request
2024-07-07 08:32:00,435 : DEBUG : selenium.webdriver.remote.remote_connection : _request : 313 : POST http://localhost:65449/session/8228646ad83242fffdc4cf1e47df6a82/element/f.771232AEBB60C04F4C1E05A48D6C906F.d.F3207C1D035BEEC340076DEB790CE3B7.e.5/click {}
2024-07-07 08:32:02,421 : DEBUG : urllib3.connectionpool : _make_request : 547 : http://localhost:65449 "POST /session/8228646ad83242fffdc4cf1e47df6a82/element/f.771232AEBB60C04F4C1E05A48D6C906F.d.F3207C1D035BEEC340076DEB790CE3B7.e.5/click HTTP/1.1" 200 0
2024-07-07 08:32:02,421 : DEBUG : selenium.webdriver.remote.remote_connection : _request : 329 : Remote response: status=200 | data={"value":null} | headers=HTTPHeaderDict({'Content-Length': '14', 'Content-Type': 'application/json; charset=utf-8', 'cache-control': 'no-cache'})
2024-07-07 08:32:02,421 : DEBUG : selenium.webdriver.remote.remote_connection : _request : 356 : Finished Request
2024-07-07 08:32:02,421 : DEBUG : selenium.webdriver.remote.remote_connection : _request : 313 : POST http://localhost:65449/session/8228646ad83242fffdc4cf1e47df6a82/element {"using": "xpath", "value": "//div[normalize-space()='Sauce Labs Bike Light']"}
2024-07-07 08:32:02,455 : DEBUG : urllib3.connectionpool : _make_request : 547 : http://localhost:65449 "POST /session/8228646ad83242fffdc4cf1e47df6a82/element HTTP/1.1" 200 0
2024-07-07 08:32:02,455 : DEBUG : selenium.webdriver.remote.remote_connection : _request : 329 : Remote response: status=200 | data={"value":{"element-6066-11e4-a52e-4f735466cecf":"f.771232AEBB60C04F4C1E05A48D6C906F.d.F3207C1D035BEEC340076DEB790CE3B7.e.21"}} | headers=HTTPHeaderDict({'Content-Length': '126', 'Content-Type': 'application/json; charset=utf-8', 'cache-control': 'no-cache'})
2024-07-07 08:32:02,455 : DEBUG : selenium.webdriver.remote.remote_connection : _request : 356 : Finished Request
2024-07-07 08:32:02,455 : DEBUG : selenium.webdriver.remote.remote_connection : _request : 313 : POST http://localhost:65449/session/8228646ad83242fffdc4cf1e47df6a82/element/f.771232AEBB60C04F4C1E05A48D6C906F.d.F3207C1D035BEEC340076DEB790CE3B7.e.21/click {}
2024-07-07 08:32:02,552 : DEBUG : urllib3.connectionpool : _make_request : 547 : http://localhost:65449 "POST /session/8228646ad83242fffdc4cf1e47df6a82/element/f.771232AEBB60C04F4C1E05A48D6C906F.d.F3207C1D035BEEC340076DEB790CE3B7.e.21/click HTTP/1.1" 200 0
2024-07-07 08:32:02,552 : DEBUG : selenium.webdriver.remote.remote_connection : _request : 329 : Remote response: status=200 | data={"value":null} | headers=HTTPHeaderDict({'Content-Length': '14', 'Content-Type': 'application/json; charset=utf-8', 'cache-control': 'no-cache'})
2024-07-07 08:32:02,552 : DEBUG : selenium.webdriver.remote.remote_connection : _request : 356 : Finished Request
2024-07-07 08:32:04,558 : DEBUG : selenium.webdriver.remote.remote_connection : _request : 313 : POST http://localhost:65449/session/8228646ad83242fffdc4cf1e47df6a82/element {"using": "xpath", "value": "//button[@id='add-to-cart-sauce-labs-bike-light']"}
2024-07-07 08:32:04,605 : DEBUG : urllib3.connectionpool : _make_request : 547 : http://localhost:65449 "POST /session/8228646ad83242fffdc4cf1e47df6a82/element HTTP/1.1" 404 0
2024-07-07 08:32:04,621 : DEBUG : selenium.webdriver.remote.remote_connection : _request : 329 : Remote response: status=404 | data={"value":{"error":"no such element","message":"no such element: Unable to locate element: {\"method\":\"xpath\",\"selector\":\"//button[@id='add-to-cart-sauce-labs-bike-light']\"}\n  (Session info: chrome=126.0.6478.127)","stacktrace":"\tGetHandleVerifier [0x00007FF740B6EEA2+31554]\n\t(No symbol) [0x00007FF740AE7ED9]\n\t(No symbol) [0x00007FF7409A872A]\n\t(No symbol) [0x00007FF7409F8434]\n\t(No symbol) [0x00007FF7409F853C]\n\t(No symbol) [0x00007FF740A3F6A7]\n\t(No symbol) [0x00007FF740A1D06F]\n\t(No symbol) [0x00007FF740A3C977]\n\t(No symbol) [0x00007FF740A1CDD3]\n\t(No symbol) [0x00007FF7409EA33B]\n\t(No symbol) [0x00007FF7409EAED1]\n\tGetHandleVerifier [0x00007FF740E78B1D+3217341]\n\tGetHandleVerifier [0x00007FF740EC5AE3+3532675]\n\tGetHandleVerifier [0x00007FF740EBB0E0+3489152]\n\tGetHandleVerifier [0x00007FF740C1E776+750614]\n\t(No symbol) [0x00007FF740AF375F]\n\t(No symbol) [0x00007FF740AEEB14]\n\t(No symbol) [0x00007FF740AEECA2]\n\t(No symbol) [0x00007FF740ADE16F]\n\tBaseThreadInitThunk [0x00007FFC30CC7614+20]\n\tRtlUserThreadStart [0x00007FFC31FC26B1+33]\n"}} | headers=HTTPHeaderDict({'Content-Length': '1083', 'Content-Type': 'application/json; charset=utf-8', 'cache-control': 'no-cache'})
2024-07-07 08:32:04,621 : DEBUG : selenium.webdriver.remote.remote_connection : _request : 356 : Finished Request
2024-07-07 08:32:05,126 : DEBUG : selenium.webdriver.remote.remote_connection : _request : 313 : POST http://localhost:65449/session/8228646ad83242fffdc4cf1e47df6a82/element {"using": "xpath", "value": "//button[@id='add-to-cart-sauce-labs-bike-light']"}
2024-07-07 08:32:05,157 : DEBUG : urllib3.connectionpool : _make_request : 547 : http://localhost:65449 "POST /session/8228646ad83242fffdc4cf1e47df6a82/element HTTP/1.1" 404 0
2024-07-07 08:32:05,157 : DEBUG : selenium.webdriver.remote.remote_connection : _request : 329 : Remote response: status=404 | data={"value":{"error":"no such element","message":"no such element: Unable to locate element: {\"method\":\"xpath\",\"selector\":\"//button[@id='add-to-cart-sauce-labs-bike-light']\"}\n  (Session info: chrome=126.0.6478.127)","stacktrace":"\tGetHandleVerifier [0x00007FF740B6EEA2+31554]\n\t(No symbol) [0x00007FF740AE7ED9]\n\t(No symbol) [0x00007FF7409A872A]\n\t(No symbol) [0x00007FF7409F8434]\n\t(No symbol) [0x00007FF7409F853C]\n\t(No symbol) [0x00007FF740A3F6A7]\n\t(No symbol) [0x00007FF740A1D06F]\n\t(No symbol) [0x00007FF740A3C977]\n\t(No symbol) [0x00007FF740A1CDD3]\n\t(No symbol) [0x00007FF7409EA33B]\n\t(No symbol) [0x00007FF7409EAED1]\n\tGetHandleVerifier [0x00007FF740E78B1D+3217341]\n\tGetHandleVerifier [0x00007FF740EC5AE3+3532675]\n\tGetHandleVerifier [0x00007FF740EBB0E0+3489152]\n\tGetHandleVerifier [0x00007FF740C1E776+750614]\n\t(No symbol) [0x00007FF740AF375F]\n\t(No symbol) [0x00007FF740AEEB14]\n\t(No symbol) [0x00007FF740AEECA2]\n\t(No symbol) [0x00007FF740ADE16F]\n\tBaseThreadInitThunk [0x00007FFC30CC7614+20]\n\tRtlUserThreadStart [0x00007FFC31FC26B1+33]\n"}} | headers=HTTPHeaderDict({'Content-Length': '1083', 'Content-Type': 'application/json; charset=utf-8', 'cache-control': 'no-cache'})
2024-07-07 08:32:05,157 : DEBUG : selenium.webdriver.remote.remote_connection : _request : 356 : Finished Request
2024-07-07 08:32:05,671 : DEBUG : selenium.webdriver.remote.remote_connection : _request : 313 : POST http://localhost:65449/session/8228646ad83242fffdc4cf1e47df6a82/element {"using": "xpath", "value": "//button[@id='add-to-cart-sauce-labs-bike-light']"}
2024-07-07 08:32:05,703 : DEBUG : urllib3.connectionpool : _make_request : 547 : http://localhost:65449 "POST /session/8228646ad83242fffdc4cf1e47df6a82/element HTTP/1.1" 404 0
2024-07-07 08:32:05,703 : DEBUG : selenium.webdriver.remote.remote_connection : _request : 329 : Remote response: status=404 | data={"value":{"error":"no such element","message":"no such element: Unable to locate element: {\"method\":\"xpath\",\"selector\":\"//button[@id='add-to-cart-sauce-labs-bike-light']\"}\n  (Session info: chrome=126.0.6478.127)","stacktrace":"\tGetHandleVerifier [0x00007FF740B6EEA2+31554]\n\t(No symbol) [0x00007FF740AE7ED9]\n\t(No symbol) [0x00007FF7409A872A]\n\t(No symbol) [0x00007FF7409F8434]\n\t(No symbol) [0x00007FF7409F853C]\n\t(No symbol) [0x00007FF740A3F6A7]\n\t(No symbol) [0x00007FF740A1D06F]\n\t(No symbol) [0x00007FF740A3C977]\n\t(No symbol) [0x00007FF740A1CDD3]\n\t(No symbol) [0x00007FF7409EA33B]\n\t(No symbol) [0x00007FF7409EAED1]\n\tGetHandleVerifier [0x00007FF740E78B1D+3217341]\n\tGetHandleVerifier [0x00007FF740EC5AE3+3532675]\n\tGetHandleVerifier [0x00007FF740EBB0E0+3489152]\n\tGetHandleVerifier [0x00007FF740C1E776+750614]\n\t(No symbol) [0x00007FF740AF375F]\n\t(No symbol) [0x00007FF740AEEB14]\n\t(No symbol) [0x00007FF740AEECA2]\n\t(No symbol) [0x00007FF740ADE16F]\n\tBaseThreadInitThunk [0x00007FFC30CC7614+20]\n\tRtlUserThreadStart [0x00007FFC31FC26B1+33]\n"}} | headers=HTTPHeaderDict({'Content-Length': '1083', 'Content-Type': 'application/json; charset=utf-8', 'cache-control': 'no-cache'})
2024-07-07 08:32:05,703 : DEBUG : selenium.webdriver.remote.remote_connection : _request : 356 : Finished Request
2024-07-07 08:32:06,211 : DEBUG : selenium.webdriver.remote.remote_connection : _request : 313 : POST http://localhost:65449/session/8228646ad83242fffdc4cf1e47df6a82/element {"using": "xpath", "value": "//button[@id='add-to-cart-sauce-labs-bike-light']"}
2024-07-07 08:32:06,242 : DEBUG : urllib3.connectionpool : _make_request : 547 : http://localhost:65449 "POST /session/8228646ad83242fffdc4cf1e47df6a82/element HTTP/1.1" 404 0
2024-07-07 08:32:06,242 : DEBUG : selenium.webdriver.remote.remote_connection : _request : 329 : Remote response: status=404 | data={"value":{"error":"no such element","message":"no such element: Unable to locate element: {\"method\":\"xpath\",\"selector\":\"//button[@id='add-to-cart-sauce-labs-bike-light']\"}\n  (Session info: chrome=126.0.6478.127)","stacktrace":"\tGetHandleVerifier [0x00007FF740B6EEA2+31554]\n\t(No symbol) [0x00007FF740AE7ED9]\n\t(No symbol) [0x00007FF7409A872A]\n\t(No symbol) [0x00007FF7409F8434]\n\t(No symbol) [0x00007FF7409F853C]\n\t(No symbol) [0x00007FF740A3F6A7]\n\t(No symbol) [0x00007FF740A1D06F]\n\t(No symbol) [0x00007FF740A3C977]\n\t(No symbol) [0x00007FF740A1CDD3]\n\t(No symbol) [0x00007FF7409EA33B]\n\t(No symbol) [0x00007FF7409EAED1]\n\tGetHandleVerifier [0x00007FF740E78B1D+3217341]\n\tGetHandleVerifier [0x00007FF740EC5AE3+3532675]\n\tGetHandleVerifier [0x00007FF740EBB0E0+3489152]\n\tGetHandleVerifier [0x00007FF740C1E776+750614]\n\t(No symbol) [0x00007FF740AF375F]\n\t(No symbol) [0x00007FF740AEEB14]\n\t(No symbol) [0x00007FF740AEECA2]\n\t(No symbol) [0x00007FF740ADE16F]\n\tBaseThreadInitThunk [0x00007FFC30CC7614+20]\n\tRtlUserThreadStart [0x00007FFC31FC26B1+33]\n"}} | headers=HTTPHeaderDict({'Content-Length': '1083', 'Content-Type': 'application/json; charset=utf-8', 'cache-control': 'no-cache'})
2024-07-07 08:32:06,242 : DEBUG : selenium.webdriver.remote.remote_connection : _request : 356 : Finished Request
2024-07-07 08:32:06,750 : DEBUG : selenium.webdriver.remote.remote_connection : _request : 313 : POST http://localhost:65449/session/8228646ad83242fffdc4cf1e47df6a82/element {"using": "xpath", "value": "//button[@id='add-to-cart-sauce-labs-bike-light']"}
2024-07-07 08:32:06,781 : DEBUG : urllib3.connectionpool : _make_request : 547 : http://localhost:65449 "POST /session/8228646ad83242fffdc4cf1e47df6a82/element HTTP/1.1" 404 0
2024-07-07 08:32:06,781 : DEBUG : selenium.webdriver.remote.remote_connection : _request : 329 : Remote response: status=404 | data={"value":{"error":"no such element","message":"no such element: Unable to locate element: {\"method\":\"xpath\",\"selector\":\"//button[@id='add-to-cart-sauce-labs-bike-light']\"}\n  (Session info: chrome=126.0.6478.127)","stacktrace":"\tGetHandleVerifier [0x00007FF740B6EEA2+31554]\n\t(No symbol) [0x00007FF740AE7ED9]\n\t(No symbol) [0x00007FF7409A872A]\n\t(No symbol) [0x00007FF7409F8434]\n\t(No symbol) [0x00007FF7409F853C]\n\t(No symbol) [0x00007FF740A3F6A7]\n\t(No symbol) [0x00007FF740A1D06F]\n\t(No symbol) [0x00007FF740A3C977]\n\t(No symbol) [0x00007FF740A1CDD3]\n\t(No symbol) [0x00007FF7409EA33B]\n\t(No symbol) [0x00007FF7409EAED1]\n\tGetHandleVerifier [0x00007FF740E78B1D+3217341]\n\tGetHandleVerifier [0x00007FF740EC5AE3+3532675]\n\tGetHandleVerifier [0x00007FF740EBB0E0+3489152]\n\tGetHandleVerifier [0x00007FF740C1E776+750614]\n\t(No symbol) [0x00007FF740AF375F]\n\t(No symbol) [0x00007FF740AEEB14]\n\t(No symbol) [0x00007FF740AEECA2]\n\t(No symbol) [0x00007FF740ADE16F]\n\tBaseThreadInitThunk [0x00007FFC30CC7614+20]\n\tRtlUserThreadStart [0x00007FFC31FC26B1+33]\n"}} | headers=HTTPHeaderDict({'Content-Length': '1083', 'Content-Type': 'application/json; charset=utf-8', 'cache-control': 'no-cache'})
2024-07-07 08:32:06,781 : DEBUG : selenium.webdriver.remote.remote_connection : _request : 356 : Finished Request
2024-07-07 08:32:07,292 : DEBUG : selenium.webdriver.remote.remote_connection : _request : 313 : POST http://localhost:65449/session/8228646ad83242fffdc4cf1e47df6a82/element {"using": "xpath", "value": "//button[@id='add-to-cart-sauce-labs-bike-light']"}
2024-07-07 08:32:07,308 : DEBUG : urllib3.connectionpool : _make_request : 547 : http://localhost:65449 "POST /session/8228646ad83242fffdc4cf1e47df6a82/element HTTP/1.1" 404 0
2024-07-07 08:32:07,308 : DEBUG : selenium.webdriver.remote.remote_connection : _request : 329 : Remote response: status=404 | data={"value":{"error":"no such element","message":"no such element: Unable to locate element: {\"method\":\"xpath\",\"selector\":\"//button[@id='add-to-cart-sauce-labs-bike-light']\"}\n  (Session info: chrome=126.0.6478.127)","stacktrace":"\tGetHandleVerifier [0x00007FF740B6EEA2+31554]\n\t(No symbol) [0x00007FF740AE7ED9]\n\t(No symbol) [0x00007FF7409A872A]\n\t(No symbol) [0x00007FF7409F8434]\n\t(No symbol) [0x00007FF7409F853C]\n\t(No symbol) [0x00007FF740A3F6A7]\n\t(No symbol) [0x00007FF740A1D06F]\n\t(No symbol) [0x00007FF740A3C977]\n\t(No symbol) [0x00007FF740A1CDD3]\n\t(No symbol) [0x00007FF7409EA33B]\n\t(No symbol) [0x00007FF7409EAED1]\n\tGetHandleVerifier [0x00007FF740E78B1D+3217341]\n\tGetHandleVerifier [0x00007FF740EC5AE3+3532675]\n\tGetHandleVerifier [0x00007FF740EBB0E0+3489152]\n\tGetHandleVerifier [0x00007FF740C1E776+750614]\n\t(No symbol) [0x00007FF740AF375F]\n\t(No symbol) [0x00007FF740AEEB14]\n\t(No symbol) [0x00007FF740AEECA2]\n\t(No symbol) [0x00007FF740ADE16F]\n\tBaseThreadInitThunk [0x00007FFC30CC7614+20]\n\tRtlUserThreadStart [0x00007FFC31FC26B1+33]\n"}} | headers=HTTPHeaderDict({'Content-Length': '1083', 'Content-Type': 'application/json; charset=utf-8', 'cache-control': 'no-cache'})
2024-07-07 08:32:07,308 : DEBUG : selenium.webdriver.remote.remote_connection : _request : 356 : Finished Request
2024-07-07 08:32:07,817 : DEBUG : selenium.webdriver.remote.remote_connection : _request : 313 : POST http://localhost:65449/session/8228646ad83242fffdc4cf1e47df6a82/element {"using": "xpath", "value": "//button[@id='add-to-cart-sauce-labs-bike-light']"}
2024-07-07 08:32:07,849 : DEBUG : urllib3.connectionpool : _make_request : 547 : http://localhost:65449 "POST /session/8228646ad83242fffdc4cf1e47df6a82/element HTTP/1.1" 404 0
2024-07-07 08:32:07,849 : DEBUG : selenium.webdriver.remote.remote_connection : _request : 329 : Remote response: status=404 | data={"value":{"error":"no such element","message":"no such element: Unable to locate element: {\"method\":\"xpath\",\"selector\":\"//button[@id='add-to-cart-sauce-labs-bike-light']\"}\n  (Session info: chrome=126.0.6478.127)","stacktrace":"\tGetHandleVerifier [0x00007FF740B6EEA2+31554]\n\t(No symbol) [0x00007FF740AE7ED9]\n\t(No symbol) [0x00007FF7409A872A]\n\t(No symbol) [0x00007FF7409F8434]\n\t(No symbol) [0x00007FF7409F853C]\n\t(No symbol) [0x00007FF740A3F6A7]\n\t(No symbol) [0x00007FF740A1D06F]\n\t(No symbol) [0x00007FF740A3C977]\n\t(No symbol) [0x00007FF740A1CDD3]\n\t(No symbol) [0x00007FF7409EA33B]\n\t(No symbol) [0x00007FF7409EAED1]\n\tGetHandleVerifier [0x00007FF740E78B1D+3217341]\n\tGetHandleVerifier [0x00007FF740EC5AE3+3532675]\n\tGetHandleVerifier [0x00007FF740EBB0E0+3489152]\n\tGetHandleVerifier [0x00007FF740C1E776+750614]\n\t(No symbol) [0x00007FF740AF375F]\n\t(No symbol) [0x00007FF740AEEB14]\n\t(No symbol) [0x00007FF740AEECA2]\n\t(No symbol) [0x00007FF740ADE16F]\n\tBaseThreadInitThunk [0x00007FFC30CC7614+20]\n\tRtlUserThreadStart [0x00007FFC31FC26B1+33]\n"}} | headers=HTTPHeaderDict({'Content-Length': '1083', 'Content-Type': 'application/json; charset=utf-8', 'cache-control': 'no-cache'})
2024-07-07 08:32:07,849 : DEBUG : selenium.webdriver.remote.remote_connection : _request : 356 : Finished Request
2024-07-07 08:32:08,361 : DEBUG : selenium.webdriver.remote.remote_connection : _request : 313 : POST http://localhost:65449/session/8228646ad83242fffdc4cf1e47df6a82/element {"using": "xpath", "value": "//button[@id='add-to-cart-sauce-labs-bike-light']"}
2024-07-07 08:32:08,392 : DEBUG : urllib3.connectionpool : _make_request : 547 : http://localhost:65449 "POST /session/8228646ad83242fffdc4cf1e47df6a82/element HTTP/1.1" 404 0
2024-07-07 08:32:08,392 : DEBUG : selenium.webdriver.remote.remote_connection : _request : 329 : Remote response: status=404 | data={"value":{"error":"no such element","message":"no such element: Unable to locate element: {\"method\":\"xpath\",\"selector\":\"//button[@id='add-to-cart-sauce-labs-bike-light']\"}\n  (Session info: chrome=126.0.6478.127)","stacktrace":"\tGetHandleVerifier [0x00007FF740B6EEA2+31554]\n\t(No symbol) [0x00007FF740AE7ED9]\n\t(No symbol) [0x00007FF7409A872A]\n\t(No symbol) [0x00007FF7409F8434]\n\t(No symbol) [0x00007FF7409F853C]\n\t(No symbol) [0x00007FF740A3F6A7]\n\t(No symbol) [0x00007FF740A1D06F]\n\t(No symbol) [0x00007FF740A3C977]\n\t(No symbol) [0x00007FF740A1CDD3]\n\t(No symbol) [0x00007FF7409EA33B]\n\t(No symbol) [0x00007FF7409EAED1]\n\tGetHandleVerifier [0x00007FF740E78B1D+3217341]\n\tGetHandleVerifier [0x00007FF740EC5AE3+3532675]\n\tGetHandleVerifier [0x00007FF740EBB0E0+3489152]\n\tGetHandleVerifier [0x00007FF740C1E776+750614]\n\t(No symbol) [0x00007FF740AF375F]\n\t(No symbol) [0x00007FF740AEEB14]\n\t(No symbol) [0x00007FF740AEECA2]\n\t(No symbol) [0x00007FF740ADE16F]\n\tBaseThreadInitThunk [0x00007FFC30CC7614+20]\n\tRtlUserThreadStart [0x00007FFC31FC26B1+33]\n"}} | headers=HTTPHeaderDict({'Content-Length': '1083', 'Content-Type': 'application/json; charset=utf-8', 'cache-control': 'no-cache'})
2024-07-07 08:32:08,392 : DEBUG : selenium.webdriver.remote.remote_connection : _request : 356 : Finished Request
2024-07-07 08:32:08,899 : DEBUG : selenium.webdriver.remote.remote_connection : _request : 313 : POST http://localhost:65449/session/8228646ad83242fffdc4cf1e47df6a82/element {"using": "xpath", "value": "//button[@id='add-to-cart-sauce-labs-bike-light']"}
2024-07-07 08:32:08,915 : DEBUG : urllib3.connectionpool : _make_request : 547 : http://localhost:65449 "POST /session/8228646ad83242fffdc4cf1e47df6a82/element HTTP/1.1" 404 0
2024-07-07 08:32:08,915 : DEBUG : selenium.webdriver.remote.remote_connection : _request : 329 : Remote response: status=404 | data={"value":{"error":"no such element","message":"no such element: Unable to locate element: {\"method\":\"xpath\",\"selector\":\"//button[@id='add-to-cart-sauce-labs-bike-light']\"}\n  (Session info: chrome=126.0.6478.127)","stacktrace":"\tGetHandleVerifier [0x00007FF740B6EEA2+31554]\n\t(No symbol) [0x00007FF740AE7ED9]\n\t(No symbol) [0x00007FF7409A872A]\n\t(No symbol) [0x00007FF7409F8434]\n\t(No symbol) [0x00007FF7409F853C]\n\t(No symbol) [0x00007FF740A3F6A7]\n\t(No symbol) [0x00007FF740A1D06F]\n\t(No symbol) [0x00007FF740A3C977]\n\t(No symbol) [0x00007FF740A1CDD3]\n\t(No symbol) [0x00007FF7409EA33B]\n\t(No symbol) [0x00007FF7409EAED1]\n\tGetHandleVerifier [0x00007FF740E78B1D+3217341]\n\tGetHandleVerifier [0x00007FF740EC5AE3+3532675]\n\tGetHandleVerifier [0x00007FF740EBB0E0+3489152]\n\tGetHandleVerifier [0x00007FF740C1E776+750614]\n\t(No symbol) [0x00007FF740AF375F]\n\t(No symbol) [0x00007FF740AEEB14]\n\t(No symbol) [0x00007FF740AEECA2]\n\t(No symbol) [0x00007FF740ADE16F]\n\tBaseThreadInitThunk [0x00007FFC30CC7614+20]\n\tRtlUserThreadStart [0x00007FFC31FC26B1+33]\n"}} | headers=HTTPHeaderDict({'Content-Length': '1083', 'Content-Type': 'application/json; charset=utf-8', 'cache-control': 'no-cache'})
2024-07-07 08:32:08,915 : DEBUG : selenium.webdriver.remote.remote_connection : _request : 356 : Finished Request
2024-07-07 08:32:09,421 : DEBUG : selenium.webdriver.remote.remote_connection : _request : 313 : POST http://localhost:65449/session/8228646ad83242fffdc4cf1e47df6a82/element {"using": "xpath", "value": "//button[@id='add-to-cart-sauce-labs-bike-light']"}
2024-07-07 08:32:09,437 : DEBUG : urllib3.connectionpool : _make_request : 547 : http://localhost:65449 "POST /session/8228646ad83242fffdc4cf1e47df6a82/element HTTP/1.1" 404 0
2024-07-07 08:32:09,437 : DEBUG : selenium.webdriver.remote.remote_connection : _request : 329 : Remote response: status=404 | data={"value":{"error":"no such element","message":"no such element: Unable to locate element: {\"method\":\"xpath\",\"selector\":\"//button[@id='add-to-cart-sauce-labs-bike-light']\"}\n  (Session info: chrome=126.0.6478.127)","stacktrace":"\tGetHandleVerifier [0x00007FF740B6EEA2+31554]\n\t(No symbol) [0x00007FF740AE7ED9]\n\t(No symbol) [0x00007FF7409A872A]\n\t(No symbol) [0x00007FF7409F8434]\n\t(No symbol) [0x00007FF7409F853C]\n\t(No symbol) [0x00007FF740A3F6A7]\n\t(No symbol) [0x00007FF740A1D06F]\n\t(No symbol) [0x00007FF740A3C977]\n\t(No symbol) [0x00007FF740A1CDD3]\n\t(No symbol) [0x00007FF7409EA33B]\n\t(No symbol) [0x00007FF7409EAED1]\n\tGetHandleVerifier [0x00007FF740E78B1D+3217341]\n\tGetHandleVerifier [0x00007FF740EC5AE3+3532675]\n\tGetHandleVerifier [0x00007FF740EBB0E0+3489152]\n\tGetHandleVerifier [0x00007FF740C1E776+750614]\n\t(No symbol) [0x00007FF740AF375F]\n\t(No symbol) [0x00007FF740AEEB14]\n\t(No symbol) [0x00007FF740AEECA2]\n\t(No symbol) [0x00007FF740ADE16F]\n\tBaseThreadInitThunk [0x00007FFC30CC7614+20]\n\tRtlUserThreadStart [0x00007FFC31FC26B1+33]\n"}} | headers=HTTPHeaderDict({'Content-Length': '1083', 'Content-Type': 'application/json; charset=utf-8', 'cache-control': 'no-cache'})
2024-07-07 08:32:09,437 : DEBUG : selenium.webdriver.remote.remote_connection : _request : 356 : Finished Request
2024-07-07 08:32:09,943 : DEBUG : selenium.webdriver.remote.remote_connection : _request : 313 : POST http://localhost:65449/session/8228646ad83242fffdc4cf1e47df6a82/element {"using": "xpath", "value": "//button[@id='add-to-cart-sauce-labs-bike-light']"}
2024-07-07 08:32:09,955 : DEBUG : urllib3.connectionpool : _make_request : 547 : http://localhost:65449 "POST /session/8228646ad83242fffdc4cf1e47df6a82/element HTTP/1.1" 404 0
2024-07-07 08:32:09,955 : DEBUG : selenium.webdriver.remote.remote_connection : _request : 329 : Remote response: status=404 | data={"value":{"error":"no such element","message":"no such element: Unable to locate element: {\"method\":\"xpath\",\"selector\":\"//button[@id='add-to-cart-sauce-labs-bike-light']\"}\n  (Session info: chrome=126.0.6478.127)","stacktrace":"\tGetHandleVerifier [0x00007FF740B6EEA2+31554]\n\t(No symbol) [0x00007FF740AE7ED9]\n\t(No symbol) [0x00007FF7409A872A]\n\t(No symbol) [0x00007FF7409F8434]\n\t(No symbol) [0x00007FF7409F853C]\n\t(No symbol) [0x00007FF740A3F6A7]\n\t(No symbol) [0x00007FF740A1D06F]\n\t(No symbol) [0x00007FF740A3C977]\n\t(No symbol) [0x00007FF740A1CDD3]\n\t(No symbol) [0x00007FF7409EA33B]\n\t(No symbol) [0x00007FF7409EAED1]\n\tGetHandleVerifier [0x00007FF740E78B1D+3217341]\n\tGetHandleVerifier [0x00007FF740EC5AE3+3532675]\n\tGetHandleVerifier [0x00007FF740EBB0E0+3489152]\n\tGetHandleVerifier [0x00007FF740C1E776+750614]\n\t(No symbol) [0x00007FF740AF375F]\n\t(No symbol) [0x00007FF740AEEB14]\n\t(No symbol) [0x00007FF740AEECA2]\n\t(No symbol) [0x00007FF740ADE16F]\n\tBaseThreadInitThunk [0x00007FFC30CC7614+20]\n\tRtlUserThreadStart [0x00007FFC31FC26B1+33]\n"}} | headers=HTTPHeaderDict({'Content-Length': '1083', 'Content-Type': 'application/json; charset=utf-8', 'cache-control': 'no-cache'})
2024-07-07 08:32:09,955 : DEBUG : selenium.webdriver.remote.remote_connection : _request : 356 : Finished Request
2024-07-07 08:32:10,457 : DEBUG : selenium.webdriver.remote.remote_connection : _request : 313 : POST http://localhost:65449/session/8228646ad83242fffdc4cf1e47df6a82/element {"using": "xpath", "value": "//button[@id='add-to-cart-sauce-labs-bike-light']"}
2024-07-07 08:32:10,488 : DEBUG : urllib3.connectionpool : _make_request : 547 : http://localhost:65449 "POST /session/8228646ad83242fffdc4cf1e47df6a82/element HTTP/1.1" 404 0
2024-07-07 08:32:10,488 : DEBUG : selenium.webdriver.remote.remote_connection : _request : 329 : Remote response: status=404 | data={"value":{"error":"no such element","message":"no such element: Unable to locate element: {\"method\":\"xpath\",\"selector\":\"//button[@id='add-to-cart-sauce-labs-bike-light']\"}\n  (Session info: chrome=126.0.6478.127)","stacktrace":"\tGetHandleVerifier [0x00007FF740B6EEA2+31554]\n\t(No symbol) [0x00007FF740AE7ED9]\n\t(No symbol) [0x00007FF7409A872A]\n\t(No symbol) [0x00007FF7409F8434]\n\t(No symbol) [0x00007FF7409F853C]\n\t(No symbol) [0x00007FF740A3F6A7]\n\t(No symbol) [0x00007FF740A1D06F]\n\t(No symbol) [0x00007FF740A3C977]\n\t(No symbol) [0x00007FF740A1CDD3]\n\t(No symbol) [0x00007FF7409EA33B]\n\t(No symbol) [0x00007FF7409EAED1]\n\tGetHandleVerifier [0x00007FF740E78B1D+3217341]\n\tGetHandleVerifier [0x00007FF740EC5AE3+3532675]\n\tGetHandleVerifier [0x00007FF740EBB0E0+3489152]\n\tGetHandleVerifier [0x00007FF740C1E776+750614]\n\t(No symbol) [0x00007FF740AF375F]\n\t(No symbol) [0x00007FF740AEEB14]\n\t(No symbol) [0x00007FF740AEECA2]\n\t(No symbol) [0x00007FF740ADE16F]\n\tBaseThreadInitThunk [0x00007FFC30CC7614+20]\n\tRtlUserThreadStart [0x00007FFC31FC26B1+33]\n"}} | headers=HTTPHeaderDict({'Content-Length': '1083', 'Content-Type': 'application/json; charset=utf-8', 'cache-control': 'no-cache'})
2024-07-07 08:32:10,488 : DEBUG : selenium.webdriver.remote.remote_connection : _request : 356 : Finished Request
2024-07-07 08:32:10,993 : DEBUG : selenium.webdriver.remote.remote_connection : _request : 313 : POST http://localhost:65449/session/8228646ad83242fffdc4cf1e47df6a82/element {"using": "xpath", "value": "//button[@id='add-to-cart-sauce-labs-bike-light']"}
2024-07-07 08:32:11,024 : DEBUG : urllib3.connectionpool : _make_request : 547 : http://localhost:65449 "POST /session/8228646ad83242fffdc4cf1e47df6a82/element HTTP/1.1" 404 0
2024-07-07 08:32:11,024 : DEBUG : selenium.webdriver.remote.remote_connection : _request : 329 : Remote response: status=404 | data={"value":{"error":"no such element","message":"no such element: Unable to locate element: {\"method\":\"xpath\",\"selector\":\"//button[@id='add-to-cart-sauce-labs-bike-light']\"}\n  (Session info: chrome=126.0.6478.127)","stacktrace":"\tGetHandleVerifier [0x00007FF740B6EEA2+31554]\n\t(No symbol) [0x00007FF740AE7ED9]\n\t(No symbol) [0x00007FF7409A872A]\n\t(No symbol) [0x00007FF7409F8434]\n\t(No symbol) [0x00007FF7409F853C]\n\t(No symbol) [0x00007FF740A3F6A7]\n\t(No symbol) [0x00007FF740A1D06F]\n\t(No symbol) [0x00007FF740A3C977]\n\t(No symbol) [0x00007FF740A1CDD3]\n\t(No symbol) [0x00007FF7409EA33B]\n\t(No symbol) [0x00007FF7409EAED1]\n\tGetHandleVerifier [0x00007FF740E78B1D+3217341]\n\tGetHandleVerifier [0x00007FF740EC5AE3+3532675]\n\tGetHandleVerifier [0x00007FF740EBB0E0+3489152]\n\tGetHandleVerifier [0x00007FF740C1E776+750614]\n\t(No symbol) [0x00007FF740AF375F]\n\t(No symbol) [0x00007FF740AEEB14]\n\t(No symbol) [0x00007FF740AEECA2]\n\t(No symbol) [0x00007FF740ADE16F]\n\tBaseThreadInitThunk [0x00007FFC30CC7614+20]\n\tRtlUserThreadStart [0x00007FFC31FC26B1+33]\n"}} | headers=HTTPHeaderDict({'Content-Length': '1083', 'Content-Type': 'application/json; charset=utf-8', 'cache-control': 'no-cache'})
2024-07-07 08:32:11,024 : DEBUG : selenium.webdriver.remote.remote_connection : _request : 356 : Finished Request
2024-07-07 08:32:11,529 : DEBUG : selenium.webdriver.remote.remote_connection : _request : 313 : POST http://localhost:65449/session/8228646ad83242fffdc4cf1e47df6a82/element {"using": "xpath", "value": "//button[@id='add-to-cart-sauce-labs-bike-light']"}
2024-07-07 08:32:11,580 : DEBUG : urllib3.connectionpool : _make_request : 547 : http://localhost:65449 "POST /session/8228646ad83242fffdc4cf1e47df6a82/element HTTP/1.1" 404 0
2024-07-07 08:32:11,580 : DEBUG : selenium.webdriver.remote.remote_connection : _request : 329 : Remote response: status=404 | data={"value":{"error":"no such element","message":"no such element: Unable to locate element: {\"method\":\"xpath\",\"selector\":\"//button[@id='add-to-cart-sauce-labs-bike-light']\"}\n  (Session info: chrome=126.0.6478.127)","stacktrace":"\tGetHandleVerifier [0x00007FF740B6EEA2+31554]\n\t(No symbol) [0x00007FF740AE7ED9]\n\t(No symbol) [0x00007FF7409A872A]\n\t(No symbol) [0x00007FF7409F8434]\n\t(No symbol) [0x00007FF7409F853C]\n\t(No symbol) [0x00007FF740A3F6A7]\n\t(No symbol) [0x00007FF740A1D06F]\n\t(No symbol) [0x00007FF740A3C977]\n\t(No symbol) [0x00007FF740A1CDD3]\n\t(No symbol) [0x00007FF7409EA33B]\n\t(No symbol) [0x00007FF7409EAED1]\n\tGetHandleVerifier [0x00007FF740E78B1D+3217341]\n\tGetHandleVerifier [0x00007FF740EC5AE3+3532675]\n\tGetHandleVerifier [0x00007FF740EBB0E0+3489152]\n\tGetHandleVerifier [0x00007FF740C1E776+750614]\n\t(No symbol) [0x00007FF740AF375F]\n\t(No symbol) [0x00007FF740AEEB14]\n\t(No symbol) [0x00007FF740AEECA2]\n\t(No symbol) [0x00007FF740ADE16F]\n\tBaseThreadInitThunk [0x00007FFC30CC7614+20]\n\tRtlUserThreadStart [0x00007FFC31FC26B1+33]\n"}} | headers=HTTPHeaderDict({'Content-Length': '1083', 'Content-Type': 'application/json; charset=utf-8', 'cache-control': 'no-cache'})
2024-07-07 08:32:11,580 : DEBUG : selenium.webdriver.remote.remote_connection : _request : 356 : Finished Request
2024-07-07 08:32:12,091 : DEBUG : selenium.webdriver.remote.remote_connection : _request : 313 : POST http://localhost:65449/session/8228646ad83242fffdc4cf1e47df6a82/element {"using": "xpath", "value": "//button[@id='add-to-cart-sauce-labs-bike-light']"}
2024-07-07 08:32:12,388 : DEBUG : urllib3.connectionpool : _make_request : 547 : http://localhost:65449 "POST /session/8228646ad83242fffdc4cf1e47df6a82/element HTTP/1.1" 404 0
2024-07-07 08:32:12,388 : DEBUG : selenium.webdriver.remote.remote_connection : _request : 329 : Remote response: status=404 | data={"value":{"error":"no such element","message":"no such element: Unable to locate element: {\"method\":\"xpath\",\"selector\":\"//button[@id='add-to-cart-sauce-labs-bike-light']\"}\n  (Session info: chrome=126.0.6478.127)","stacktrace":"\tGetHandleVerifier [0x00007FF740B6EEA2+31554]\n\t(No symbol) [0x00007FF740AE7ED9]\n\t(No symbol) [0x00007FF7409A872A]\n\t(No symbol) [0x00007FF7409F8434]\n\t(No symbol) [0x00007FF7409F853C]\n\t(No symbol) [0x00007FF740A3F6A7]\n\t(No symbol) [0x00007FF740A1D06F]\n\t(No symbol) [0x00007FF740A3C977]\n\t(No symbol) [0x00007FF740A1CDD3]\n\t(No symbol) [0x00007FF7409EA33B]\n\t(No symbol) [0x00007FF7409EAED1]\n\tGetHandleVerifier [0x00007FF740E78B1D+3217341]\n\tGetHandleVerifier [0x00007FF740EC5AE3+3532675]\n\tGetHandleVerifier [0x00007FF740EBB0E0+3489152]\n\tGetHandleVerifier [0x00007FF740C1E776+750614]\n\t(No symbol) [0x00007FF740AF375F]\n\t(No symbol) [0x00007FF740AEEB14]\n\t(No symbol) [0x00007FF740AEECA2]\n\t(No symbol) [0x00007FF740ADE16F]\n\tBaseThreadInitThunk [0x00007FFC30CC7614+20]\n\tRtlUserThreadStart [0x00007FFC31FC26B1+33]\n"}} | headers=HTTPHeaderDict({'Content-Length': '1083', 'Content-Type': 'application/json; charset=utf-8', 'cache-control': 'no-cache'})
2024-07-07 08:32:12,389 : DEBUG : selenium.webdriver.remote.remote_connection : _request : 356 : Finished Request
2024-07-07 08:32:12,890 : DEBUG : selenium.webdriver.remote.remote_connection : _request : 313 : POST http://localhost:65449/session/8228646ad83242fffdc4cf1e47df6a82/element {"using": "xpath", "value": "//button[@id='add-to-cart-sauce-labs-bike-light']"}
2024-07-07 08:32:12,917 : DEBUG : urllib3.connectionpool : _make_request : 547 : http://localhost:65449 "POST /session/8228646ad83242fffdc4cf1e47df6a82/element HTTP/1.1" 404 0
2024-07-07 08:32:12,918 : DEBUG : selenium.webdriver.remote.remote_connection : _request : 329 : Remote response: status=404 | data={"value":{"error":"no such element","message":"no such element: Unable to locate element: {\"method\":\"xpath\",\"selector\":\"//button[@id='add-to-cart-sauce-labs-bike-light']\"}\n  (Session info: chrome=126.0.6478.127)","stacktrace":"\tGetHandleVerifier [0x00007FF740B6EEA2+31554]\n\t(No symbol) [0x00007FF740AE7ED9]\n\t(No symbol) [0x00007FF7409A872A]\n\t(No symbol) [0x00007FF7409F8434]\n\t(No symbol) [0x00007FF7409F853C]\n\t(No symbol) [0x00007FF740A3F6A7]\n\t(No symbol) [0x00007FF740A1D06F]\n\t(No symbol) [0x00007FF740A3C977]\n\t(No symbol) [0x00007FF740A1CDD3]\n\t(No symbol) [0x00007FF7409EA33B]\n\t(No symbol) [0x00007FF7409EAED1]\n\tGetHandleVerifier [0x00007FF740E78B1D+3217341]\n\tGetHandleVerifier [0x00007FF740EC5AE3+3532675]\n\tGetHandleVerifier [0x00007FF740EBB0E0+3489152]\n\tGetHandleVerifier [0x00007FF740C1E776+750614]\n\t(No symbol) [0x00007FF740AF375F]\n\t(No symbol) [0x00007FF740AEEB14]\n\t(No symbol) [0x00007FF740AEECA2]\n\t(No symbol) [0x00007FF740ADE16F]\n\tBaseThreadInitThunk [0x00007FFC30CC7614+20]\n\tRtlUserThreadStart [0x00007FFC31FC26B1+33]\n"}} | headers=HTTPHeaderDict({'Content-Length': '1083', 'Content-Type': 'application/json; charset=utf-8', 'cache-control': 'no-cache'})
2024-07-07 08:32:12,918 : DEBUG : selenium.webdriver.remote.remote_connection : _request : 356 : Finished Request
2024-07-07 08:32:13,420 : DEBUG : selenium.webdriver.remote.remote_connection : _request : 313 : POST http://localhost:65449/session/8228646ad83242fffdc4cf1e47df6a82/element {"using": "xpath", "value": "//button[@id='add-to-cart-sauce-labs-bike-light']"}
2024-07-07 08:32:13,443 : DEBUG : urllib3.connectionpool : _make_request : 547 : http://localhost:65449 "POST /session/8228646ad83242fffdc4cf1e47df6a82/element HTTP/1.1" 404 0
2024-07-07 08:32:13,444 : DEBUG : selenium.webdriver.remote.remote_connection : _request : 329 : Remote response: status=404 | data={"value":{"error":"no such element","message":"no such element: Unable to locate element: {\"method\":\"xpath\",\"selector\":\"//button[@id='add-to-cart-sauce-labs-bike-light']\"}\n  (Session info: chrome=126.0.6478.127)","stacktrace":"\tGetHandleVerifier [0x00007FF740B6EEA2+31554]\n\t(No symbol) [0x00007FF740AE7ED9]\n\t(No symbol) [0x00007FF7409A872A]\n\t(No symbol) [0x00007FF7409F8434]\n\t(No symbol) [0x00007FF7409F853C]\n\t(No symbol) [0x00007FF740A3F6A7]\n\t(No symbol) [0x00007FF740A1D06F]\n\t(No symbol) [0x00007FF740A3C977]\n\t(No symbol) [0x00007FF740A1CDD3]\n\t(No symbol) [0x00007FF7409EA33B]\n\t(No symbol) [0x00007FF7409EAED1]\n\tGetHandleVerifier [0x00007FF740E78B1D+3217341]\n\tGetHandleVerifier [0x00007FF740EC5AE3+3532675]\n\tGetHandleVerifier [0x00007FF740EBB0E0+3489152]\n\tGetHandleVerifier [0x00007FF740C1E776+750614]\n\t(No symbol) [0x00007FF740AF375F]\n\t(No symbol) [0x00007FF740AEEB14]\n\t(No symbol) [0x00007FF740AEECA2]\n\t(No symbol) [0x00007FF740ADE16F]\n\tBaseThreadInitThunk [0x00007FFC30CC7614+20]\n\tRtlUserThreadStart [0x00007FFC31FC26B1+33]\n"}} | headers=HTTPHeaderDict({'Content-Length': '1083', 'Content-Type': 'application/json; charset=utf-8', 'cache-control': 'no-cache'})
2024-07-07 08:32:13,444 : DEBUG : selenium.webdriver.remote.remote_connection : _request : 356 : Finished Request
2024-07-07 08:32:13,946 : DEBUG : selenium.webdriver.remote.remote_connection : _request : 313 : POST http://localhost:65449/session/8228646ad83242fffdc4cf1e47df6a82/element {"using": "xpath", "value": "//button[@id='add-to-cart-sauce-labs-bike-light']"}
2024-07-07 08:32:13,980 : DEBUG : urllib3.connectionpool : _make_request : 547 : http://localhost:65449 "POST /session/8228646ad83242fffdc4cf1e47df6a82/element HTTP/1.1" 404 0
2024-07-07 08:32:13,981 : DEBUG : selenium.webdriver.remote.remote_connection : _request : 329 : Remote response: status=404 | data={"value":{"error":"no such element","message":"no such element: Unable to locate element: {\"method\":\"xpath\",\"selector\":\"//button[@id='add-to-cart-sauce-labs-bike-light']\"}\n  (Session info: chrome=126.0.6478.127)","stacktrace":"\tGetHandleVerifier [0x00007FF740B6EEA2+31554]\n\t(No symbol) [0x00007FF740AE7ED9]\n\t(No symbol) [0x00007FF7409A872A]\n\t(No symbol) [0x00007FF7409F8434]\n\t(No symbol) [0x00007FF7409F853C]\n\t(No symbol) [0x00007FF740A3F6A7]\n\t(No symbol) [0x00007FF740A1D06F]\n\t(No symbol) [0x00007FF740A3C977]\n\t(No symbol) [0x00007FF740A1CDD3]\n\t(No symbol) [0x00007FF7409EA33B]\n\t(No symbol) [0x00007FF7409EAED1]\n\tGetHandleVerifier [0x00007FF740E78B1D+3217341]\n\tGetHandleVerifier [0x00007FF740EC5AE3+3532675]\n\tGetHandleVerifier [0x00007FF740EBB0E0+3489152]\n\tGetHandleVerifier [0x00007FF740C1E776+750614]\n\t(No symbol) [0x00007FF740AF375F]\n\t(No symbol) [0x00007FF740AEEB14]\n\t(No symbol) [0x00007FF740AEECA2]\n\t(No symbol) [0x00007FF740ADE16F]\n\tBaseThreadInitThunk [0x00007FFC30CC7614+20]\n\tRtlUserThreadStart [0x00007FFC31FC26B1+33]\n"}} | headers=HTTPHeaderDict({'Content-Length': '1083', 'Content-Type': 'application/json; charset=utf-8', 'cache-control': 'no-cache'})
2024-07-07 08:32:13,982 : DEBUG : selenium.webdriver.remote.remote_connection : _request : 356 : Finished Request
2024-07-07 08:32:14,484 : DEBUG : selenium.webdriver.remote.remote_connection : _request : 313 : POST http://localhost:65449/session/8228646ad83242fffdc4cf1e47df6a82/element {"using": "xpath", "value": "//button[@id='add-to-cart-sauce-labs-bike-light']"}
2024-07-07 08:32:14,529 : DEBUG : urllib3.connectionpool : _make_request : 547 : http://localhost:65449 "POST /session/8228646ad83242fffdc4cf1e47df6a82/element HTTP/1.1" 404 0
2024-07-07 08:32:14,529 : DEBUG : selenium.webdriver.remote.remote_connection : _request : 329 : Remote response: status=404 | data={"value":{"error":"no such element","message":"no such element: Unable to locate element: {\"method\":\"xpath\",\"selector\":\"//button[@id='add-to-cart-sauce-labs-bike-light']\"}\n  (Session info: chrome=126.0.6478.127)","stacktrace":"\tGetHandleVerifier [0x00007FF740B6EEA2+31554]\n\t(No symbol) [0x00007FF740AE7ED9]\n\t(No symbol) [0x00007FF7409A872A]\n\t(No symbol) [0x00007FF7409F8434]\n\t(No symbol) [0x00007FF7409F853C]\n\t(No symbol) [0x00007FF740A3F6A7]\n\t(No symbol) [0x00007FF740A1D06F]\n\t(No symbol) [0x00007FF740A3C977]\n\t(No symbol) [0x00007FF740A1CDD3]\n\t(No symbol) [0x00007FF7409EA33B]\n\t(No symbol) [0x00007FF7409EAED1]\n\tGetHandleVerifier [0x00007FF740E78B1D+3217341]\n\tGetHandleVerifier [0x00007FF740EC5AE3+3532675]\n\tGetHandleVerifier [0x00007FF740EBB0E0+3489152]\n\tGetHandleVerifier [0x00007FF740C1E776+750614]\n\t(No symbol) [0x00007FF740AF375F]\n\t(No symbol) [0x00007FF740AEEB14]\n\t(No symbol) [0x00007FF740AEECA2]\n\t(No symbol) [0x00007FF740ADE16F]\n\tBaseThreadInitThunk [0x00007FFC30CC7614+20]\n\tRtlUserThreadStart [0x00007FFC31FC26B1+33]\n"}} | headers=HTTPHeaderDict({'Content-Length': '1083', 'Content-Type': 'application/json; charset=utf-8', 'cache-control': 'no-cache'})
2024-07-07 08:32:14,530 : DEBUG : selenium.webdriver.remote.remote_connection : _request : 356 : Finished Request
